gid,rep,instance,snapshot,split,nodes,edges
0,oo,0,0.0,train,5,4
1,oo,0,0.25,train,5,4
2,oo,0,0.5,train,5,4
3,oo,0,0.75,train,5,4
4,oo,1,0.0,train,7,7
5,oo,1,0.25,train,7,7
6,oo,1,0.5,train,7,7
7,oo,1,0.75,train,7,7
8,oo,2,0.0,train,6,6
9,oo,2,0.25,train,6,6
10,oo,2,0.5,train,6,6
11,oo,2,0.75,train,6,4
12,oo,3,0.0,train,5,4
13,oo,3,0.25,train,5,4
14,oo,3,0.5,train,5,4
15,oo,3,0.75,train,5,4
16,oo,4,0.0,val,7,7
17,oo,4,0.25,val,7,7
18,oo,4,0.5,val,7,7
19,oo,4,0.75,val,7,5
20,oo,5,0.0,test,8,8
21,oo,5,0.25,test,8,8
22,oo,5,0.5,test,8,8
23,oo,5,0.75,test,8,8
24,oo,6,0.0,val,5,4
25,oo,6,0.25,val,5,4
26,oo,6,0.5,val,5,4
27,oo,6,0.75,val,5,4
28,oo,7,0.0,test,6,5
29,oo,7,0.25,test,6,5
30,oo,7,0.5,test,6,5
31,oo,7,0.75,test,6,5
32,oo,8,0.0,train,4,3
33,oo,8,0.25,train,4,3
34,oo,8,0.5,train,4,3
35,oo,8,0.75,train,4,3
36,oo,9,0.0,train,7,7
37,oo,9,0.25,train,7,7
38,oo,9,0.5,train,7,7
39,oo,9,0.75,train,7,7
40,om,0,0.0,train,7,10
41,om,0,0.25,train,7,9
42,om,0,0.5,train,7,7
43,om,0,0.75,train,7,7
44,om,1,0.0,train,10,18
45,om,1,0.25,train,10,16
46,om,1,0.5,train,10,14
47,om,1,0.75,train,10,12
48,om,2,0.0,train,8,14
49,om,2,0.25,train,8,12
50,om,2,0.5,train,8,10
51,om,2,0.75,train,8,8
52,om,3,0.0,train,7,10
53,om,3,0.25,train,7,9
54,om,3,0.5,train,7,8
55,om,3,0.75,train,7,8
56,om,4,0.0,val,9,15
57,om,4,0.25,val,9,12
58,om,4,0.5,val,9,10
59,om,4,0.75,val,9,8
60,om,5,0.0,test,11,21
61,om,5,0.25,test,11,16
62,om,5,0.5,test,11,13
63,om,5,0.75,test,11,11
64,om,6,0.0,val,7,10
65,om,6,0.25,val,7,10
66,om,6,0.5,val,7,8
67,om,6,0.75,val,7,8
68,om,7,0.0,test,9,15
69,om,7,0.25,test,9,14
70,om,7,0.5,test,9,13
71,om,7,0.75,test,9,10
72,om,8,0.0,train,6,8
73,om,8,0.25,train,6,7
74,om,8,0.5,train,6,5
75,om,8,0.75,train,6,5
76,om,9,0.0,train,9,14
77,om,9,0.25,train,9,12
78,om,9,0.5,train,9,11
79,om,9,0.75,train,9,8
80,ojm,0,0.0,train,9,18
81,ojm,0,0.25,train,8,15
82,ojm,0,0.5,train,7,12
83,ojm,0,0.75,train,7,12
84,ojm,1,0.0,train,13,34
85,ojm,1,0.25,train,12,29
86,ojm,1,0.5,train,11,26
87,ojm,1,0.75,train,10,22
88,ojm,2,0.0,train,11,29
89,ojm,2,0.25,train,10,24
90,ojm,2,0.5,train,9,19
91,ojm,2,0.75,train,8,16
92,ojm,3,0.0,train,9,18
93,ojm,3,0.25,train,8,15
94,ojm,3,0.5,train,7,13
95,ojm,3,0.75,train,7,13
96,ojm,4,0.0,val,12,29
97,ojm,4,0.25,val,10,21
98,ojm,4,0.5,val,9,18
99,ojm,4,0.75,val,8,16
100,ojm,5,0.0,test,14,38
101,ojm,5,0.25,test,12,26
102,ojm,5,0.5,test,10,22
103,ojm,5,0.75,test,9,19
104,ojm,6,0.0,val,9,19
105,ojm,6,0.25,val,9,19
106,ojm,6,0.5,val,8,14
107,ojm,6,0.75,val,8,14
108,ojm,7,0.0,test,11,24
109,ojm,7,0.25,test,10,22
110,ojm,7,0.5,test,9,20
111,ojm,7,0.75,test,8,15
112,ojm,8,0.0,train,8,16
113,ojm,8,0.25,train,7,13
114,ojm,8,0.5,train,6,8
115,ojm,8,0.75,train,6,8
116,ojm,9,0.0,train,12,28
117,ojm,9,0.25,train,11,23
118,ojm,9,0.5,train,10,20
119,ojm,9,0.75,train,8,14
