snapshot,same_instance,rep_a,rep_b,n_pairs,hged_mean,true_sim_mean,true_sim_std,hegmn_sim_mean,hegmn_sim_std,exact_frac
0.0,False,ojm,ojm,1,27.0,0.11532512103806251,,0.181742861866951,,0.0
0.0,False,ojm,om,2,29.5,0.07751513708525612,0.03608460144264485,0.17571749165654182,0.03278048587768922,0.0
0.0,False,ojm,oo,2,37.0,0.025917960859333424,0.017464691579410118,0.173113651573658,0.030470727943814887,1.0
0.0,False,om,om,1,14.0,0.2465969639416065,,0.1728041023015976,,0.0
0.0,False,om,oo,2,21.5,0.08095021170736907,0.019995374730804188,0.17784226685762405,0.0005509646771586622,1.0
0.0,False,oo,oo,1,5.0,0.4895416595569531,,0.17977816611528397,,1.0
0.0,True,ojm,om,2,15.5,0.2673838008463675,0.09261300357185424,0.16908004134893417,0.0065412857192999035,1.0
0.0,True,ojm,oo,2,34.0,0.03445529778238049,0.01766012181638312,0.16990385204553604,0.011849502165140835,1.0
0.0,True,om,oo,2,18.5,0.117011762353211,0.025913371743733333,0.17458971962332726,0.03792390814585256,1.0
0.25,False,ojm,ojm,1,20.0,0.16232061118184818,,0.18611261993646622,,0.0
0.25,False,ojm,om,2,23.0,0.11389887964976635,0.030315652681021377,0.17374136671423912,0.013367204911662066,0.5
0.25,False,ojm,oo,2,31.5,0.030243996309723038,0.002373751136081728,0.1741119660437107,0.014209910074213137,1.0
0.25,False,om,om,1,12.0,0.30119421191220214,,0.17348015308380127,,0.0
0.25,False,om,oo,2,18.5,0.11363752730388055,0.00944250751748513,0.17913080006837845,0.00032524722995856925,1.0
0.25,False,oo,oo,1,7.0,0.36787944117144233,,0.18003679811954498,,1.0
0.25,True,ojm,om,2,20.0,0.15119167490294855,0.02242432414483187,0.17185448110103607,0.016387769445672627,0.5
0.25,True,ojm,oo,2,31.5,0.030770920379479295,0.004875074067882972,0.17279401049017906,0.022254352608941947,1.0
0.25,True,om,oo,2,15.5,0.16084316555926959,0.008775055161545427,0.1758180633187294,0.03866783690056228,1.0
0.5,False,ojm,ojm,1,17.0,0.1670480665692844,,0.21546941250562668,,0.0
0.5,False,ojm,om,2,24.5,0.08251670963558042,0.02509116665159323,0.18610791862010956,0.010293672325785437,0.5
0.5,False,ojm,oo,2,33.0,0.01838289335654271,0.0031387038385526675,0.1886593922972679,0.011892639464591735,1.0
0.5,False,om,om,1,8.0,0.44932896411722156,,0.17422834783792496,,0.0
0.5,False,om,oo,2,17.5,0.12782483581875598,0.010621376597822977,0.1782200001180172,0.00012637205690385189,1.0
0.5,False,oo,oo,1,5.0,0.4895416595569531,,0.17951913177967072,,1.0
0.5,True,ojm,om,2,23.5,0.0905174118506713,0.009128120653719091,0.1827676221728325,0.008541311731823742,0.5
0.5,True,ojm,oo,2,33.0,0.019289504989666206,0.006538599255660863,0.18698613345623016,0.018247256791836888,1.0
0.5,True,om,oo,2,14.5,0.1811426695087731,0.006290738358797961,0.17527303099632263,0.0375092937919827,1.0
0.75,False,ojm,ojm,1,11.0,0.2741396455701274,,0.22872202843427658,,1.0
0.75,False,ojm,om,2,22.0,0.09364600411344422,0.022623064628407293,0.19968298077583313,0.0004348711829354046,0.5
0.75,False,ojm,oo,2,31.0,0.018391848175172656,0.0033410649726237306,0.20439882948994637,0.006127883087324735,1.0
0.75,False,om,om,1,7.0,0.4965853037914095,,0.1755569726228714,,0.0
0.75,False,om,oo,2,16.0,0.15328621309070045,0.02538644845685897,0.17897498607635498,7.596969444088649e-05,1.0
0.75,False,oo,oo,1,5.0,0.4895416595569531,,0.17940831184387207,,1.0
0.75,True,ojm,om,2,19.0,0.14166677303162634,0.07205251186634086,0.19420335441827774,0.0017083171372678123,0.5
0.75,True,ojm,oo,2,31.0,0.019424198064781018,0.006998442300602176,0.20219475030899048,0.015927483713085153,1.0
0.75,True,om,oo,2,14.0,0.1937437056278024,0.01152981782068656,0.17600148916244507,0.03773250350169639,1.0
