trial,objective_last_val_q80,n_cases,batch_size,lr,hidden_channels,K,use_greedy,sel_k,best_val_avg_gap,test_avg_gap,test_q80_gap,runtime_min,eval_makespan,eval_relative_error,eval_relative_error_lb,eval_scheduling_score,eval_violation_rate_per_step,eval_time_sec,eval_time_per_decision_ms,eval_rss_mb,eval_rss_delta_mb,eval_gpu_peak_mb,eval_gpu_peak_delta_mb,eval_action_distinct_ratio,eval_embedding_distinct_ratio,eval_input_distinct_ratio,eval_structure_gain,eval_effective_rank_ratio,eval_embedding_heterophily,eval_feature_heterophily,eval_feasibility_rate,eval_param_count,eval_model_size_mb,run_dir
5,0.1259263181863916,40,64,0.004706996523414971,128,64,False,1,0.09475959846997425,0.09819373161579861,0.1332443257676903,54.7039927482605,541.725,0.09819373161579861,0.1294217461116166,0.9118312257659928,0.0,3.6535899850045097,47.81105404638059,416.83291015625,-0.42734375,,,0.9995337629121768,0.9766126845369628,0.9497074489127204,1.0285380447697408,0.1243988472235936,0.32631967488313,0.3116707387365662,1.0,2156646,8.226951599121094,results\optuna_ojm_gat_exgreedyFalse_logpsum_L2_1790519400\trial_5
3,0.14189815857007795,40,64,0.0032931446587915556,256,64,True,1,0.11773856884287673,0.13380269624719063,0.1985369290884633,83.69837645689647,555.325,0.13380269624719063,0.16663630980707972,0.8843621841440278,0.0,5.037934344998211,67.20656291570216,394.29638671875,-1.3658203125,,,0.9994391359014209,0.9785062532345059,0.9505912577800195,1.0295966467696256,0.12960548183036152,0.3186193943471959,0.3178265494412827,1.0,8441958,32.203514099121094,results\optuna_ojm_gat_exgreedyFalse_logpsum_L2_1790519400\trial_3
11,0.1788557467168889,80,128,0.0011049040444400314,128,32,False,1,0.15477141632379596,0.1361290171399574,0.1785135135135136,67.69897300799688,555.975,0.1361290171399574,0.16884233161074422,0.8825041263160049,0.0,3.873186580001493,50.34410047264586,415.5580078125,-0.75634765625,,,0.9993711900776898,0.9823824388815229,0.9547109806993566,1.0292033285657551,0.13127113507193777,0.3277633731541184,0.3075451365812244,1.0,2156646,8.226951599121094,results\optuna_ojm_gat_exgreedyFalse_logpsum_L2_1790546253\trial_11
4,0.4886163689682751,40,128,7.515450322528411e-05,128,64,False,1,0.4667233911945822,0.43116918570247054,0.6020430107526883,89.95243328015009,682.925,0.43116918570247054,0.47397989879943997,0.7079243961163227,0.0,4.020505852499627,56.124313861277145,408.41630859375,-1.05283203125,,,0.9937274262770905,0.9586175107261102,0.9361664865506996,1.024139162489867,0.1476904850533777,0.3607431428365258,0.3347136936713304,1.0,2156646,8.226951599121094,results\optuna_ojm_gat_exgreedyFalse_logpsum_L2_1790519400\trial_4
0,0.7085882750954523,80,64,0.00010256691315437255,128,32,True,1,0.6346082501445769,0.5872835226349797,0.7349947349947351,42.546214536825815,762.325,0.5872835226349797,0.6341672109527998,0.6389229363153582,0.0,3.710145747489878,49.65679043403099,449.3552734375,-0.8859375,,,0.9937866506417142,0.965434793322288,0.9429936758554405,1.0240293366576452,0.15695225193114454,0.32979595541540235,0.3360558790740404,1.0,2156646,8.226951599121094,results\optuna_ojm_gat_exgreedyFalse_logpsum_L2_1790519400\trial_0
8,0.9394642752476409,80,128,0.0002255527445243218,128,32,True,1,0.8624608484883577,0.8210526914254365,0.9671285937687959,70.03835890293121,870.8,0.8210526914254365,0.8760590083523201,0.5582836502153652,0.0,3.478399439988425,47.10215234062292,424.366015625,-0.8513671875,,,0.9979031079000501,0.9582477262713036,0.9381560686499881,1.021580559152414,0.1677958814494133,0.34017609214203653,0.34906906663296905,1.0,2156646,8.226951599121094,results\optuna_ojm_gat_exgreedyFalse_logpsum_L2_1790546253\trial_8
10,1.1359157754010696,80,64,5.119518332043713e-05,128,64,False,1,0.9196389702863724,1.018168834857557,1.254503478810879,47.354732731978096,975.775,1.018168834857557,1.0792991415446973,0.5015927092416452,0.0,3.528894117497839,49.289889395655635,409.36787109375,-0.9451171875,,,0.9948144447863527,0.9226435745067064,0.9016354767863005,1.0233530213223367,0.13898253787981982,0.3555680715299073,0.36056477527984054,1.0,2156646,8.226951599121094,results\optuna_ojm_gat_exgreedyFalse_logpsum_L2_1790546253\trial_10
9,1.2385521885521886,80,128,0.00021436947599980135,256,64,False,10,0.995686387893704,1.077533881794429,1.3230373230373231,99.8748789827029,964.1,1.077533881794429,1.137654681893186,0.5107989755392005,0.0,4.469583607508684,59.034360575121056,437.19345703125,-2.8890625,,,0.9536539132323429,0.9645257748174053,0.9316381694505314,1.0361562961380741,0.15687070700262,0.3347498221301853,0.31965272168983033,1.0,8441958,32.203514099121094,results\optuna_ojm_gat_exgreedyFalse_logpsum_L2_1790546253\trial_9
1,1.871121839664592,40,128,0.0005603803105930283,128,32,False,10,1.0923979279228657,1.1644370262615975,2.005726765726766,72.11221232414246,981.325,1.1644370262615975,1.2375377674519201,0.5516265832288474,0.0,3.8982014825072837,51.00650156680301,460.67119140625,-1.3830078125,,,0.9917880243226345,0.9776900175288695,0.9492337792720267,1.0303989997779142,0.17750673395142869,0.3340661670953901,0.307161202590831,1.0,2156646,8.226951599121094,results\optuna_ojm_gat_exgreedyFalse_logpsum_L2_1790519400\trial_1
2,2.441540616246499,80,64,0.0008204643365323959,128,64,True,10,1.2800684660630546,1.0796453400450772,1.5346418791352725,51.516791582107544,955.025,1.0796453400450772,1.1468151017696437,0.5627154156120677,0.0,3.8452532900031655,49.462836775094424,441.534765625,-1.7716796875,,,0.9907163000332069,0.978019055736399,0.9482108681452669,1.0317944789234654,0.1504576015212707,0.3161559246071716,0.31360995854493523,1.0,2156646,8.226951599121094,results\optuna_ojm_gat_exgreedyFalse_logpsum_L2_1790519400\trial_2
