run,source,path,representation,gnn_type,num_layers,sel_k,seed,logp_norm,exclude_greedy,max_episodes,episodes_completed,best_val_avg_gap,test_avg_gap,test_q80_gap,n_test,mtime,loss,flag_recorded,problem,rep_base,ep_bucket
areginconverging_oo,disk,Runs_nao usar/areginconverging_oo,oo,,,,,,,100.0,100.0,1.094862477031034,,,,2026-09-29 16:34:50,"old (sum, greedy in loss)",False,fjsp,oo,51-150
aretheyconverging1_oo,disk,Runs_nao usar/aretheyconverging1_oo,oo,,,,,,,100.0,100.0,0.47095238671436246,,,,2026-09-17 11:17:18,"old (sum, greedy in loss)",False,fjsp,oo,51-150
aretheyconverging2,disk,Runs_nao usar/aretheyconverging2,ojm,,,,,,,100.0,100.0,0.6333038828752361,,,,2026-09-17 15:30:58,"old (sum, greedy in loss)",False,fjsp,ojm,51-150
aretheyconverging2_om,disk,Runs_nao usar/aretheyconverging2_om,om,,,,,,,100.0,100.0,0.660832594247146,,,,2026-09-17 14:02:04,"old (sum, greedy in loss)",False,fjsp,om,51-150
aretheyconverging2_oo,disk,Runs_nao usar/aretheyconverging2_oo,oo,,,,,,,100.0,100.0,0.3709470485742119,,,,2026-09-17 13:27:30,"old (sum, greedy in loss)",False,fjsp,oo,51-150
aretheyconverging2_oo_20260917_133454,disk,Runs_nao usar/aretheyconverging2_oo_20260917_133454,oo,,,,,,,100.0,100.0,0.7207121299793069,,,,2026-09-17 13:27:58,"old (sum, greedy in loss)",False,fjsp,oo,51-150
aretheyconverging3_oo,disk,Runs_nao usar/aretheyconverging3_oo,oo,,,,,,,100.0,100.0,0.3622340852832413,,,,2026-09-17 16:30:26,"old (sum, greedy in loss)",False,fjsp,oo,51-150
convergence_check_ojm_gat,disk,Runs_nao usar/convergence_check_ojm_gat,ojm,,,,,,,400.0,400.0,0.1658420082640596,0.18814468994900468,0.26623688101850185,40.0,2026-09-19 14:03:00,"old (sum, greedy in loss)",False,fjsp,ojm,>300
convergence_check_ojm_gin,disk,Runs_nao usar/convergence_check_ojm_gin,ojm,,,,,,,400.0,400.0,0.13238128265654733,0.12329927685092697,0.1658096613705666,40.0,2026-09-19 13:22:00,"old (sum, greedy in loss)",False,fjsp,ojm,>300
convergence_check_ojm_gin_fixed,disk,Runs_nao usar/convergence_check_ojm_gin_fixed,ojm,,,,,,,250.0,250.0,0.1644873723199769,0.1778570323626195,0.2663101604278075,30.0,2026-09-18 15:25:12,"old (sum, greedy in loss)",False,fjsp,ojm,151-300
convergence_check_ojm_transformer,disk,Runs_nao usar/convergence_check_ojm_transformer,ojm,,,,,,,400.0,400.0,0.11771832389040449,0.1252151176541429,0.17208344087190014,40.0,2026-09-19 14:23:14,"old (sum, greedy in loss)",False,fjsp,ojm,>300
convergence_check_om_gat,disk,Runs_nao usar/convergence_check_om_gat,om,,,,,,,400.0,400.0,0.13495440393707392,0.14320064202675953,0.19429599959438226,40.0,2026-09-19 12:46:58,"old (sum, greedy in loss)",False,fjsp,om,>300
convergence_check_om_gin,disk,Runs_nao usar/convergence_check_om_gin,om,,,,,,,400.0,400.0,0.13586687892946775,0.14295370703729915,0.18701370621625368,40.0,2026-09-19 12:20:06,"old (sum, greedy in loss)",False,fjsp,om,>300
convergence_check_om_gin_fixed,disk,Runs_nao usar/convergence_check_om_gin_fixed,om,,,,,,,250.0,250.0,0.1581652405566691,0.1705511225841482,0.2363127757439219,30.0,2026-09-18 15:04:20,"old (sum, greedy in loss)",False,fjsp,om,151-300
convergence_check_om_transformer,disk,Runs_nao usar/convergence_check_om_transformer,om,,,,,,,400.0,400.0,0.1402220629642262,0.15213776413405947,0.20901402278702882,40.0,2026-09-19 13:13:48,"old (sum, greedy in loss)",False,fjsp,om,>300
convergence_check_oo_gat,disk,Runs_nao usar/convergence_check_oo_gat,oo,,,,,,,400.0,400.0,0.14170971170281485,0.14355573240323793,0.21728102283858322,40.0,2026-09-19 11:25:30,"old (sum, greedy in loss)",False,fjsp,oo,>300
convergence_check_oo_gat_fixed,disk,Runs_nao usar/convergence_check_oo_gat_fixed,oo,,,,,,,250.0,250.0,0.12009611783292466,0.12627382856948835,0.16084259184169983,30.0,2026-09-18 14:48:42,"old (sum, greedy in loss)",False,fjsp,oo,151-300
convergence_check_oo_gin,disk,Runs_nao usar/convergence_check_oo_gin,oo,,,,,,,400.0,400.0,0.15885848902591818,0.13863335416212824,0.2035763996023175,40.0,2026-09-19 11:12:40,"old (sum, greedy in loss)",False,fjsp,oo,>300
convergence_check_oo_gin_fixed,disk,Runs_nao usar/convergence_check_oo_gin_fixed,oo,,,,,,,250.0,250.0,0.1186248534192592,0.13657533320037168,0.2127626968265777,30.0,2026-09-18 14:45:00,"old (sum, greedy in loss)",False,fjsp,oo,151-300
convergence_check_oo_gin_lowlr,disk,Runs_nao usar/convergence_check_oo_gin_lowlr,oo,,,,,,,250.0,250.0,0.12636509136647825,0.15282580941332277,0.22858879256412565,30.0,2026-09-18 18:35:46,"old (sum, greedy in loss)",False,fjsp,oo,151-300
convergence_check_oo_transformer,disk,Runs_nao usar/convergence_check_oo_transformer,oo,,,,,,,400.0,400.0,0.10058668723996042,0.10731354931101364,0.1379621545615792,40.0,2026-09-19 11:56:22,"old (sum, greedy in loss)",False,fjsp,oo,>300
diagnose_overfit_oo_gat_20260917_210853,disk,Runs_nao usar/diagnose_overfit_oo_gat_20260917_210853,oo,,,,,,,50.0,50.0,0.4456064560231227,,,,2026-09-17 20:09:40,"old (sum, greedy in loss)",False,fjsp,oo,<=50
diagnose_overfit_oo_gat_20260917_210958,disk,Runs_nao usar/diagnose_overfit_oo_gat_20260917_210958,oo,,,,,,,400.0,400.0,0.21501428461153407,,,,2026-09-17 20:35:58,"old (sum, greedy in loss)",False,fjsp,oo,>300
diagnose_overfit_oo_gat_20260917_213735,disk,Runs_nao usar/diagnose_overfit_oo_gat_20260917_213735,oo,,,,,,,50.0,50.0,0.17758478175144843,,,,2026-09-17 20:40:50,"old (sum, greedy in loss)",False,fjsp,oo,<=50
diagnose_verify_nowarm,disk,Runs_nao usar/diagnose_verify_nowarm,oo,,,,,,,50.0,50.0,0.11685684602351265,,,,2026-09-17 20:43:46,"old (sum, greedy in loss)",False,fjsp,oo,<=50
diagnose_verify_warm,disk,Runs_nao usar/diagnose_verify_warm,oo,,,,,,,50.0,50.0,0.1575630013130013,,,,2026-09-17 20:46:26,"old (sum, greedy in loss)",False,fjsp,oo,<=50
diagnose_verify_warm_bigger,disk,Runs_nao usar/diagnose_verify_warm_bigger,oo,,,,,,,100.0,100.0,0.1894260476627864,,,,2026-09-17 20:52:40,"old (sum, greedy in loss)",False,fjsp,oo,51-150
isginworking,disk,Runs_nao usar/isginworking,oo,,,,,,,10.0,10.0,0.974426775428614,,,,2026-09-17 16:00:24,"old (sum, greedy in loss)",False,fjsp,oo,<=50
isginworking_ojm,disk,Runs_nao usar/isginworking_ojm,ojm,,,,,,,10.0,10.0,0.5896479689508518,,,,2026-09-17 14:33:46,"old (sum, greedy in loss)",False,fjsp,ojm,<=50
isginworking_ojm_20260917_162847,disk,Runs_nao usar/isginworking_ojm_20260917_162847,ojm,,,,,,,10.0,10.0,0.6324274486078062,,,,2026-09-17 15:36:18,"old (sum, greedy in loss)",False,fjsp,ojm,<=50
isginworking_om_20260917_152126,disk,Runs_nao usar/isginworking_om_20260917_152126,om,,,,,,,10.0,10.0,0.6612365471203775,,,,2026-09-17 14:24:56,"old (sum, greedy in loss)",False,fjsp,om,<=50
isginworking_om_20260917_162609,disk,Runs_nao usar/isginworking_om_20260917_162609,om,,,,,,,10.0,10.0,0.650425283077439,,,,2026-09-17 15:28:48,"old (sum, greedy in loss)",False,fjsp,om,<=50
isginworking_oo,disk,Runs_nao usar/isginworking_oo,oo,,,,,,,10.0,10.0,1.1965176126752577,,,,2026-09-17 14:05:32,"old (sum, greedy in loss)",False,fjsp,oo,<=50
isginworking_oo_20260917_151524,disk,Runs_nao usar/isginworking_oo_20260917_151524,oo,,,,,,,10.0,10.0,1.2046345320348044,,,,2026-09-17 14:21:28,"old (sum, greedy in loss)",False,fjsp,oo,<=50
isginworking_oo_20260917_162136,disk,Runs_nao usar/isginworking_oo_20260917_162136,oo,,,,,,,10.0,10.0,1.1440884005080363,,,,2026-09-17 15:26:10,"old (sum, greedy in loss)",False,fjsp,oo,<=50
istransformerconverging_oo,disk,Runs_nao usar/istransformerconverging_oo,oo,,,,,,,100.0,100.0,0.3458400689241505,,,,2026-09-17 17:22:54,"old (sum, greedy in loss)",False,fjsp,oo,51-150
istransformerworking_ojm,disk,Runs_nao usar/istransformerworking_ojm,ojm,,,,,,,10.0,10.0,0.6613780041390411,,,,2026-09-17 15:50:48,"old (sum, greedy in loss)",False,fjsp,ojm,<=50
istransformerworking_om_20260917_163810,disk,Runs_nao usar/istransformerworking_om_20260917_163810,om,,,,,,,10.0,10.0,0.6168623112563859,,,,2026-09-17 15:42:52,"old (sum, greedy in loss)",False,fjsp,om,<=50
istransformerworking_oo,disk,Runs_nao usar/istransformerworking_oo,oo,,,,,,,10.0,10.0,1.1721138075116715,,,,2026-09-17 14:30:44,"old (sum, greedy in loss)",False,fjsp,oo,<=50
istransformerworking_oo_20260917_161717,disk,Runs_nao usar/istransformerworking_oo_20260917_161717,oo,,,,,,,10.0,10.0,1.557879214530106,,,,2026-09-17 15:21:48,"old (sum, greedy in loss)",False,fjsp,oo,<=50
istransformerworking_oo_20260917_163310,disk,Runs_nao usar/istransformerworking_oo_20260917_163310,oo,,,,,,,10.0,10.0,1.1311778594934512,,,,2026-09-17 15:38:12,"old (sum, greedy in loss)",False,fjsp,oo,<=50
optuna_ojm_1789382496/trial_0,disk,Runs_incompletas/optuna_ojm_1789382496/trial_0,ojm,,,,,,,2.0,2.0,0.5076412157065961,,,,2026-09-14 10:41:46,"old (sum, greedy in loss)",False,fjsp,ojm,<=50
optuna_ojm_gat_1790230616/trial_0,disk,Runs_incompletas/optuna_ojm_gat_1790230616/trial_0,ojm,gat,,,,,,100.0,100.0,0.15460262424140506,0.1556312673617246,0.19687079875759128,40.0,2026-09-24 09:42:08,"old (sum, greedy in loss)",False,fjsp,ojm,51-150
optuna_om_1789382491/trial_0,disk,Runs_incompletas/optuna_om_1789382491/trial_0,om,,,,,,,2.0,2.0,0.5421199937880002,,,,2026-09-14 10:41:38,"old (sum, greedy in loss)",False,fjsp,om,<=50
optuna_om_gat_1790086373/trial_2,disk,Runs_incompletas/optuna_om_gat_1790086373/trial_2,om,gat,,,,,,100.0,100.0,0.20891272686203988,0.2293546894789155,0.32454775458570534,40.0,2026-09-22 17:22:44,"old (sum, greedy in loss)",False,fjsp,om,51-150
optuna_om_gat_1790209900/trial_5,disk,Runs_incompletas/optuna_om_gat_1790209900/trial_5,om,gat,,,,,,100.0,100.0,0.20282929317860374,0.21590058147791152,0.295673404496934,40.0,2026-09-24 02:24:56,"old (sum, greedy in loss)",False,fjsp,om,51-150
optuna_om_gat_1790209900/trial_6,disk,Runs_incompletas/optuna_om_gat_1790209900/trial_6,om,gat,,,,,,100.0,100.0,0.19924657361778195,0.19894054663709831,0.2943627231714955,40.0,2026-09-24 04:13:18,"old (sum, greedy in loss)",False,fjsp,om,51-150
optuna_om_gat_1790209900/trial_7,disk,Runs_incompletas/optuna_om_gat_1790209900/trial_7,om,gat,,,,,,100.0,100.0,0.47818215974955786,0.4918721384003506,0.7154302382109868,40.0,2026-09-24 06:16:06,"old (sum, greedy in loss)",False,fjsp,om,51-150
optuna_om_gin_1790105546/trial_0,disk,Runs_incompletas/optuna_om_gin_1790105546/trial_0,om,gin,,,,,,100.0,100.0,0.16141430799053505,0.16934737991869775,0.22210275404305269,40.0,2026-09-22 20:58:50,"old (sum, greedy in loss)",False,fjsp,om,51-150
optuna_om_gin_1790105546/trial_1,disk,Runs_incompletas/optuna_om_gin_1790105546/trial_1,om,gin,,,,,,100.0,100.0,0.16263273211179433,0.1702971239337034,0.25420481968661834,40.0,2026-09-22 22:16:22,"old (sum, greedy in loss)",False,fjsp,om,51-150
optuna_om_gin_1790105546/trial_2,disk,Runs_incompletas/optuna_om_gin_1790105546/trial_2,om,gin,,,,,,100.0,100.0,0.44951967173910506,0.4121891782146602,0.6304555784577983,40.0,2026-09-22 23:48:42,"old (sum, greedy in loss)",False,fjsp,om,51-150
optuna_om_transformer_1790121707/trial_0,disk,Runs_incompletas/optuna_om_transformer_1790121707/trial_0,om,transformer,,,,,,100.0,100.0,0.180128902750141,0.18887312854922503,0.24156160707884858,40.0,2026-09-23 02:12:10,"old (sum, greedy in loss)",False,fjsp,om,51-150
optuna_om_transformer_1790121707/trial_1,disk,Runs_incompletas/optuna_om_transformer_1790121707/trial_1,om,transformer,,,,,,100.0,100.0,0.1513411978231858,0.15741489452675939,0.200251572327044,40.0,2026-09-23 04:27:20,"old (sum, greedy in loss)",False,fjsp,om,51-150
optuna_oo_1789382472/trial_0,disk,Runs_incompletas/optuna_oo_1789382472/trial_0,oo,,,,,,,2.0,2.0,1.2784144675221845,,,,2026-09-14 10:41:32,"old (sum, greedy in loss)",False,fjsp,oo,<=50
optuna_oo_1790043240/trial_0,disk,Runs_a questionar/optuna_oo_1790043240/trial_0,oo,,,,,,,100.0,100.0,0.13105630871823074,0.14184640732664983,0.2029029793735676,40.0,2026-09-22 03:04:52,"old (sum, greedy in loss)",False,fjsp,oo,51-150
optuna_oo_1790043240/trial_1,disk,Runs_a questionar/optuna_oo_1790043240/trial_1,oo,,,,,,,100.0,100.0,0.1388859487958126,0.15072317563897497,0.19970531658003526,40.0,2026-09-22 07:22:24,"old (sum, greedy in loss)",False,fjsp,oo,51-150
optuna_oo_1790043240/trial_2,disk,Runs_a questionar/optuna_oo_1790043240/trial_2,oo,,,,,,,100.0,100.0,0.11552582694183842,0.11618368358536527,0.13827258510766277,40.0,2026-09-22 07:51:16,"old (sum, greedy in loss)",False,fjsp,oo,51-150
optuna_oo_1790043240/trial_3,disk,Runs_a questionar/optuna_oo_1790043240/trial_3,oo,,,,,,,100.0,100.0,0.13131318214450163,0.1475900061381375,0.22290741894022717,40.0,2026-09-22 08:15:02,"old (sum, greedy in loss)",False,fjsp,oo,51-150
optuna_oo_1790043240/trial_4,disk,Runs_a questionar/optuna_oo_1790043240/trial_4,oo,,,,,,,100.0,100.0,0.1558152728785254,0.15676211883161956,0.2068875962315653,40.0,2026-09-22 08:31:56,"old (sum, greedy in loss)",False,fjsp,oo,51-150
optuna_oo_1790043240/trial_5,disk,Runs_a questionar/optuna_oo_1790043240/trial_5,oo,,,,,,,100.0,100.0,0.11012523571509698,0.11102552937480689,0.14329670329670324,40.0,2026-09-22 09:02:58,"old (sum, greedy in loss)",False,fjsp,oo,51-150
optuna_oo_1790043240/trial_6,disk,Runs_a questionar/optuna_oo_1790043240/trial_6,oo,,,,,,,100.0,100.0,0.09533839903750188,0.10247019877558386,0.13538343753987497,40.0,2026-09-22 09:27:14,"old (sum, greedy in loss)",False,fjsp,oo,51-150
optuna_oo_1790071067/trial_8,git:backup-before-large-file-removal,Archive_runs/optuna_oo_1790071067/trial_8,oo,,,,,,,100.0,100.0,0.1387323484781758,0.14804979515498456,0.22354740611448012,40.0,,"old (sum, greedy in loss)",False,fjsp,oo,51-150
optuna_oo_gat_1790185885/trial_12,disk,Runs_incompletas/optuna_oo_gat_1790185885/trial_12,oo,gat,,,,,,100.0,100.0,0.11784433083396095,0.13813360037035444,0.21290546280404285,40.0,2026-09-23 19:16:02,"old (sum, greedy in loss)",False,fjsp,oo,51-150
optuna_oo_gat_1790185885/trial_13,disk,Runs_incompletas/optuna_oo_gat_1790185885/trial_13,oo,gat,,,,,,100.0,100.0,0.10968368077290114,0.11710982516741948,0.1678227014076071,40.0,2026-09-24 00:05:42,"old (sum, greedy in loss)",False,fjsp,oo,51-150
optuna_oo_gat_1790185885/trial_14,disk,Runs_incompletas/optuna_oo_gat_1790185885/trial_14,oo,gat,,,,,,100.0,100.0,0.09819825394068112,0.10477909771339404,0.15261894872859857,40.0,2026-09-24 00:30:40,"old (sum, greedy in loss)",False,fjsp,oo,51-150
optuna_oo_gin_1790138182/trial_0,disk,Runs_a questionar/optuna_oo_gin_1790138182/trial_0,oo,gin,,,,,,100.0,100.0,0.13832117632885488,0.12186938610515063,0.1919446611535861,40.0,2026-09-23 05:24:00,"old (sum, greedy in loss)",False,fjsp,oo,51-150
optuna_oo_gin_1790138182/trial_1,disk,Runs_a questionar/optuna_oo_gin_1790138182/trial_1,oo,gin,,,,,,100.0,100.0,0.12794482429230505,0.13726196776499186,0.19279866122037692,40.0,2026-09-23 11:16:50,"old (sum, greedy in loss)",False,fjsp,oo,51-150
optuna_oo_gin_1790138182/trial_2,disk,Runs_a questionar/optuna_oo_gin_1790138182/trial_2,oo,gin,,,,,,100.0,100.0,0.1316327124509948,0.1401927107594751,0.19462919525615444,40.0,2026-09-23 12:08:16,"old (sum, greedy in loss)",False,fjsp,oo,51-150
optuna_oo_gin_1790138182/trial_3,disk,Runs_a questionar/optuna_oo_gin_1790138182/trial_3,oo,gin,,,,,,100.0,100.0,0.11516317388456616,0.12838992791031698,0.17506060739630633,40.0,2026-09-23 12:59:54,"old (sum, greedy in loss)",False,fjsp,oo,51-150
optuna_oo_gin_1790138182/trial_4,disk,Runs_a questionar/optuna_oo_gin_1790138182/trial_4,oo,gin,,,,,,100.0,100.0,0.15212581086444557,0.1652053859802775,0.22606849191289427,40.0,2026-09-23 13:31:12,"old (sum, greedy in loss)",False,fjsp,oo,51-150
optuna_oo_gin_1790138182/trial_5,disk,Runs_a questionar/optuna_oo_gin_1790138182/trial_5,oo,gin,,,,,,100.0,100.0,0.1210844439828131,0.13775928623361736,0.2058823529411764,40.0,2026-09-23 14:12:30,"old (sum, greedy in loss)",False,fjsp,oo,51-150
optuna_oo_gin_1790138182/trial_6,disk,Runs_a questionar/optuna_oo_gin_1790138182/trial_6,oo,gin,,,,,,100.0,100.0,0.10112142351677485,0.10446534772672415,0.15284760324954277,40.0,2026-09-23 14:51:02,"old (sum, greedy in loss)",False,fjsp,oo,51-150
optuna_oo_gin_1790138182/trial_7,disk,Runs_a questionar/optuna_oo_gin_1790138182/trial_7,oo,gin,,,,,,100.0,100.0,0.2565465469949449,0.27634355318173476,0.3452776705747709,40.0,2026-09-23 16:18:36,"old (sum, greedy in loss)",False,fjsp,oo,51-150
optuna_oo_gin_1790138182/trial_8,disk,Runs_a questionar/optuna_oo_gin_1790138182/trial_8,oo,gin,,,,,,100.0,100.0,0.11749168408406722,0.1143153225124633,0.16352995424396122,40.0,2026-09-23 16:49:02,"old (sum, greedy in loss)",False,fjsp,oo,51-150
optuna_oo_gin_1790138182/trial_9,disk,Runs_a questionar/optuna_oo_gin_1790138182/trial_9,oo,gin,,,,,,100.0,100.0,0.18200953069265657,0.1846193806403122,0.24908424908424912,40.0,2026-09-23 17:42:08,"old (sum, greedy in loss)",False,fjsp,oo,51-150
reseed_ojm_gat_s43,disk,Runs_a questionar/reseed_ojm_gat_s43,ojm,,,,,,,400.0,400.0,0.09978528239319003,0.10389758852217615,0.17831016590865412,40.0,2026-09-21 23:55:24,"old (sum, greedy in loss)",False,fjsp,ojm,>300
reseed_ojm_gat_s44,disk,Runs_a questionar/reseed_ojm_gat_s44,ojm,,,,,,,400.0,400.0,0.10612958448189964,0.10580333746010451,0.1396095371193834,40.0,2026-09-22 02:13:26,"old (sum, greedy in loss)",False,fjsp,ojm,>300
reseed_oo_gin_s43,disk,Runs_a questionar/reseed_oo_gin_s43,oo,,,,,,,400.0,400.0,0.15449338469621932,0.13633160297981434,0.17830687830687827,40.0,2026-09-21 21:03:26,"old (sum, greedy in loss)",False,fjsp,oo,>300
reseed_oo_gin_s44,disk,Runs_a questionar/reseed_oo_gin_s44,oo,,,,,,,400.0,400.0,0.13793883308315033,0.12284087967531013,0.16614012055506158,40.0,2026-09-21 21:40:32,"old (sum, greedy in loss)",False,fjsp,oo,>300
seeds_oo_gat_L2_s42,disk,Runs_a questionar/seeds_oo_gat_L2_s42,oo,gat,2.0,1.0,42.0,mean,True,400.0,400.0,0.14175053743184132,0.1440568939119386,0.2114334998616784,40.0,2026-09-24 10:33:00,"new (mean, greedy excluded)",True,fjsp,oo,>300
seeds_oo_gin_L2_s42,disk,Runs_a questionar/seeds_oo_gin_L2_s42,oo,gin,2.0,,42.0,mean,True,400.0,400.0,0.103988121680428,0.10519643344277207,0.15043150196052998,40.0,2026-09-24 09:21:14,"new (mean, greedy excluded)",True,fjsp,oo,>300
train0.1_gen_ojm,disk,Runs_nao usar/train0.1_gen_ojm,ojm,,,,,,,250.0,250.0,0.6030660053503548,,,,2026-09-21 15:27:52,"old (sum, greedy in loss)",False,fjsp,ojm,151-300
train0.1_gen_om,disk,Runs_nao usar/train0.1_gen_om,om,,,,,,,250.0,250.0,0.5883270558676307,,,,2026-09-21 15:27:52,"old (sum, greedy in loss)",False,fjsp,om,151-300
train0.1_gen_oo,disk,Runs_nao usar/train0.1_gen_oo,oo,,,,,,,250.0,250.0,0.3680413636339285,,,,2026-09-21 15:27:52,"old (sum, greedy in loss)",False,fjsp,oo,151-300
train0.1_om,disk,Runs_nao usar/train0.1_om,om,,,,,,,25.0,25.0,0.6196746997538481,,,,2026-09-17 09:58:22,"old (sum, greedy in loss)",False,fjsp,om,<=50
train0.1_oo_20260917_103341,disk,Runs_nao usar/train0.1_oo_20260917_103341,oo,,,,,,,25.0,25.0,0.36313143364659295,,,,2026-09-17 09:48:26,"old (sum, greedy in loss)",False,fjsp,oo,<=50
train0.2_our_ojm,disk,Runs_nao usar/train0.2_our_ojm,ojm,,,,,,,250.0,250.0,0.6003108207924037,,,,2026-09-21 15:27:52,"old (sum, greedy in loss)",False,fjsp,ojm,151-300
train0.2_our_om,disk,Runs_nao usar/train0.2_our_om,om,,,,,,,250.0,250.0,0.6116603123353639,,,,2026-09-21 15:27:54,"old (sum, greedy in loss)",False,fjsp,om,151-300
train0.2_our_oo,disk,Runs_nao usar/train0.2_our_oo,oo,,,,,,,250.0,250.0,0.3814999301803349,,,,2026-09-21 15:27:54,"old (sum, greedy in loss)",False,fjsp,oo,151-300
train_run,disk,Runs_nao usar/train_run,oo,,,,,,,1.0,1.0,0.9513721307972766,,,,2026-09-17 14:10:36,"old (sum, greedy in loss)",False,fjsp,oo,<=50
traintesto_o_ojm,disk,Runs_nao usar/traintesto_o_ojm,ojm,,,,,,,100.0,100.0,0.6410676497369444,,,,2026-09-15 12:21:10,"old (sum, greedy in loss)",False,fjsp,ojm,51-150
traintesto_o_om,disk,Runs_nao usar/traintesto_o_om,om,,,,,,,100.0,100.0,0.6656409900873056,,,,2026-09-15 11:58:10,"old (sum, greedy in loss)",False,fjsp,om,51-150
traintesto_o_oo,disk,Runs_nao usar/traintesto_o_oo,oo,,,,,,,100.0,100.0,0.3710377583410822,,,,2026-09-15 11:07:04,"old (sum, greedy in loss)",False,fjsp,oo,51-150
traintestoo,disk,Runs_nao usar/traintestoo,oo,,,,,,,20.0,20.0,0.37622659002822456,,,,2026-09-13 13:15:28,"old (sum, greedy in loss)",False,fjsp,oo,<=50
_bench_cuda_gat_oo,disk,results/_bench_cuda_gat_oo,oo,gat,3.0,100.0,0.0,mean,True,10.0,10.0,0.3003374965979262,0.2920984653710848,0.3738232716399444,40.0,2026-09-25 14:24:54,"new (mean, greedy excluded)",True,fjsp,oo,<=50
ablation_ojm_gat_layers3,disk,results/ablation_ojm_gat_layers3,ojm,,,,,,,400.0,400.0,0.1305204201389338,0.1295540874495841,0.16098081023454167,40.0,2026-09-21 20:26:24,"old (sum, greedy in loss)",False,fjsp,ojm,>300
ablation_ojm_gin_layers3,disk,results/ablation_ojm_gin_layers3,ojm,gin,,,,,,400.0,400.0,0.10771968709304669,0.12016978455542335,0.16351465317309727,40.0,2026-09-22 17:34:00,"old (sum, greedy in loss)",False,fjsp,ojm,>300
ablation_ojm_transformer_layers3,disk,results/ablation_ojm_transformer_layers3,ojm,transformer,,,,,,400.0,400.0,0.09355536786103158,0.09444341544868066,0.1242577030812325,40.0,2026-09-23 16:46:42,"old (sum, greedy in loss)",False,fjsp,ojm,>300
ablation_ojm_transformer_layers3_selk2,disk,results/ablation_ojm_transformer_layers3_selk2,ojm,transformer,3.0,2.0,42.0,sum,False,400.0,400.0,0.1232067204957095,0.12842997446748092,0.1568321657021018,40.0,2026-09-24 14:10:10,"old (sum, greedy in loss)",True,fjsp,ojm,>300
smoke_ojm_transformer_attn,disk,results/smoke_ojm_transformer_attn,ojm,transformer,2.0,1.0,42.0,mean,True,10.0,10.0,0.6071853684482582,0.6057389080762203,0.7434121400166063,40.0,2026-09-24 15:52:20,"new (mean, greedy excluded)",True,fjsp,ojm,<=50
test1sel_k100_max400_ojm,disk,results/test1sel_k100_max400_ojm,ojm,gat,3.0,100.0,,mean,True,100.0,100.0,0.9578784749115259,0.8618117157863854,1.6160714006433152,40.0,2026-09-25 14:24:56,"new (mean, greedy excluded)",True,fjsp,ojm,51-150
test1sel_k100_max400_om,disk,results/test1sel_k100_max400_om,om,gat,3.0,100.0,,mean,True,100.0,100.0,0.7306923413113743,0.8323498042417571,1.3687075506409048,40.0,2026-09-25 14:24:56,"new (mean, greedy excluded)",True,fjsp,om,51-150
test1sel_k100_max400_oo_20260925_094410,disk,results/test1sel_k100_max400_oo_20260925_094410,oo,gat,3.0,100.0,,mean,True,100.0,100.0,0.17457047632120073,0.17661467066820413,0.23919022154316283,40.0,2026-09-25 09:16:30,"new (mean, greedy excluded)",True,fjsp,oo,51-150
testsel_k100_maxepisodes400_gin_oo,disk,results/testsel_k100_maxepisodes400_gin_oo,oo,,,,,,,250.0,250.0,0.11768821746442672,0.1191973014095207,0.1712846261764522,40.0,2026-09-25 14:21:04,"old (sum, greedy in loss)",False,fjsp,oo,151-300
train_run_ojm,disk,results/train_run_ojm,ojm,gat,2.0,100.0,,mean,True,250.0,250.0,0.13682267286218264,0.13891572551880194,0.15797021511307238,40.0,2026-09-25 00:43:06,"new (mean, greedy excluded)",True,fjsp,ojm,151-300
train_run_om,disk,results/train_run_om,om,gat,2.0,100.0,,mean,True,250.0,250.0,0.17712510769635967,0.18107548945310117,0.21596457938013922,40.0,2026-09-24 21:38:10,"new (mean, greedy excluded)",True,fjsp,om,151-300
train_run_oo,disk,results/train_run_oo,oo,gat,2.0,100.0,,mean,True,250.0,250.0,0.10982512742178187,0.10822133719849217,0.15000913798355173,40.0,2026-09-24 19:46:54,"new (mean, greedy excluded)",True,fjsp,oo,151-300
optuna_oo_1790043240/trial_8,disk,Runs_a questionar/optuna_oo_1790043240/trial_8,oo,,,,,,,100.0,100.0,0.1387323484781758,0.14804979515498456,0.22354740611448012,40.0,2026-09-22 11:53:08,"old (sum, greedy in loss)",False,fjsp,oo,51-150
batching_50steps_ojmb_base,disk,results/batching_50steps_ojmb_base,ojmb_base,gat,3.0,100.0,,mean,True,50.0,50.0,0.42415182794371536,0.38871453250136845,0.47506565126050426,20.0,2026-09-27 19:03:28,"new (mean, greedy excluded)",True,batching,ojmb_base,<=50
batching_50steps_ojmb_edge,disk,results/batching_50steps_ojmb_edge,ojmb_edge,gat,3.0,100.0,,mean,True,50.0,50.0,0.44275753788615957,0.523793485162926,0.5434807842027037,20.0,2026-09-27 19:03:30,"new (mean, greedy excluded)",True,batching,ojmb_edge,<=50
batching_50steps_ojmb_node,disk,results/batching_50steps_ojmb_node,ojmb_node,gat,3.0,100.0,,mean,True,50.0,50.0,0.37517600317720573,0.36674223211599427,0.454517378559464,20.0,2026-09-27 19:03:30,"new (mean, greedy excluded)",True,batching,ojmb_node,<=50
batching_fixed_50steps_ojmb_base_s42,disk,results/batching_fixed_50steps_ojmb_base_s42,ojmb_base,gat,3.0,100.0,42.0,mean,True,50.0,50.0,0.1885435737453879,0.16847223306383066,0.23054577464788734,20.0,2026-09-27 19:03:30,"new (mean, greedy excluded)",True,batching,ojmb_base,<=50
batching_fixed_50steps_ojmb_edge_s42,disk,results/batching_fixed_50steps_ojmb_edge_s42,ojmb_edge,gat,3.0,100.0,42.0,mean,True,50.0,50.0,0.29142763989481585,0.23004265274754748,0.31850359978702225,20.0,2026-09-27 19:03:30,"new (mean, greedy excluded)",True,batching,ojmb_edge,<=50
batching_fixed_50steps_ojmb_node_s42,disk,results/batching_fixed_50steps_ojmb_node_s42,ojmb_node,gat,3.0,100.0,42.0,mean,True,50.0,50.0,0.27786215340670256,0.2923447330553879,0.39651478681925034,20.0,2026-09-27 19:03:32,"new (mean, greedy excluded)",True,batching,ojmb_node,<=50
batching_gat_L2_ojmb_base_s42,disk,results/batching_gat_L2_ojmb_base_s42,ojmb_base,gat,2.0,1.0,42.0,mean,True,350.0,350.0,0.14334883639321896,0.1067291691626974,0.17370892018779352,20.0,2026-09-28 04:03:56,"new (mean, greedy excluded)",True,batching,ojmb_base,>300
batching_gat_L2_ojmb_base_s42_steps,disk,results/batching_gat_L2_ojmb_base_s42_steps,ojmb_base,gat,2.0,1.0,42.0,mean,True,350.0,350.0,0.15705972729079423,0.12587901254365713,0.18664215686274524,20.0,2026-09-29 01:13:54,"new (mean, greedy excluded)",True,batching,ojmb_base,>300
batching_gat_L2_ojmb_base_s43_steps,disk,results/batching_gat_L2_ojmb_base_s43_steps,ojmb_base,gat,2.0,1.0,43.0,mean,True,350.0,350.0,0.12854173865711563,0.14056812383683187,0.22007042253521125,20.0,2026-09-29 11:22:00,"new (mean, greedy excluded)",True,batching,ojmb_base,>300
batching_gat_L2_ojmb_base_v2_s42_steps,disk,results/batching_gat_L2_ojmb_base_v2_s42_steps,ojmb_base_v2,gat,2.0,1.0,42.0,mean,True,350.0,350.0,0.14508172190019983,0.11552237375591723,0.22924551934594978,20.0,2026-09-30 00:46:38,"new (mean, greedy excluded)",True,batching,ojmb_base,>300
batching_gat_L2_ojmb_base_v2_s43_steps,disk,results/batching_gat_L2_ojmb_base_v2_s43_steps,ojmb_base_v2,gat,2.0,1.0,43.0,mean,True,350.0,350.0,0.13681653876021516,0.13448326347718903,0.22393477716289767,20.0,2026-10-01 05:30:14,"new (mean, greedy excluded)",True,batching,ojmb_base,>300
batching_gat_L2_ojmb_edge_s42,disk,results/batching_gat_L2_ojmb_edge_s42,ojmb_edge,gat,2.0,1.0,42.0,mean,True,350.0,350.0,0.15429075212299606,0.134529360702433,0.2552534923630039,20.0,2026-09-28 02:26:52,"new (mean, greedy excluded)",True,batching,ojmb_edge,>300
batching_gat_L2_ojmb_edge_s42_steps,disk,results/batching_gat_L2_ojmb_edge_s42_steps,ojmb_edge,gat,2.0,1.0,42.0,mean,True,350.0,350.0,0.135146985507327,0.10847524657454902,0.1918301968674794,20.0,2026-09-28 22:36:00,"new (mean, greedy excluded)",True,batching,ojmb_edge,>300
batching_gat_L2_ojmb_edge_s43_steps,disk,results/batching_gat_L2_ojmb_edge_s43_steps,ojmb_edge,gat,2.0,1.0,43.0,mean,True,350.0,350.0,0.156359362970693,0.11777106442339402,0.20083805880075603,20.0,2026-09-29 07:43:56,"new (mean, greedy excluded)",True,batching,ojmb_edge,>300
batching_gat_L2_ojmb_edge_v2_s42_steps,disk,results/batching_gat_L2_ojmb_edge_v2_s42_steps,ojmb_edge_v2,gat,2.0,1.0,42.0,mean,True,350.0,350.0,0.13955134369412345,0.12244604887114678,0.20635753393330378,20.0,2026-09-29 21:33:24,"new (mean, greedy excluded)",True,batching,ojmb_edge,>300
batching_gat_L2_ojmb_edge_v2_s43_steps,disk,results/batching_gat_L2_ojmb_edge_v2_s43_steps,ojmb_edge_v2,gat,2.0,1.0,43.0,mean,True,350.0,350.0,0.14706266167774829,0.12560979907148942,0.22546970007515202,20.0,2026-10-01 02:21:32,"new (mean, greedy excluded)",True,batching,ojmb_edge,>300
batching_gat_L2_ojmb_feat_v2_s42_steps,disk,results/batching_gat_L2_ojmb_feat_v2_s42_steps,ojmb_feat_v2,gat,2.0,1.0,42.0,mean,True,350.0,350.0,0.14324910030924756,0.10343821219592537,0.17556745431265283,20.0,2026-09-30 04:14:06,"new (mean, greedy excluded)",True,batching,ojmb_feat,>300
batching_gat_L2_ojmb_feat_v2_s43_steps,disk,results/batching_gat_L2_ojmb_feat_v2_s43_steps,ojmb_feat_v2,gat,2.0,1.0,43.0,mean,True,350.0,350.0,0.15218438184416933,0.12464904135660566,0.21154061624649861,20.0,2026-10-01 08:55:10,"new (mean, greedy excluded)",True,batching,ojmb_feat,>300
batching_gat_L2_ojmb_node_s42,disk,results/batching_gat_L2_ojmb_node_s42,ojmb_node,gat,2.0,1.0,42.0,mean,True,350.0,350.0,0.1409306948123943,0.12037880558070295,0.1947916666666667,20.0,2026-09-28 00:40:46,"new (mean, greedy excluded)",True,batching,ojmb_node,>300
batching_gat_L2_ojmb_node_s42_steps,disk,results/batching_gat_L2_ojmb_node_s42_steps,ojmb_node,gat,2.0,1.0,42.0,mean,True,350.0,350.0,0.14148224305199353,0.12634250469907538,0.1931480575550742,20.0,2026-09-28 18:11:38,"new (mean, greedy excluded)",True,batching,ojmb_node,>300
batching_gat_L2_ojmb_node_s43_steps,disk,results/batching_gat_L2_ojmb_node_s43_steps,ojmb_node,gat,2.0,1.0,43.0,mean,True,350.0,350.0,0.15678096380438988,0.15296860127919087,0.22386904761904763,20.0,2026-09-29 04:50:28,"new (mean, greedy excluded)",True,batching,ojmb_node,>300
batching_gat_L2_ojmb_node_v2_s42_steps,disk,results/batching_gat_L2_ojmb_node_v2_s42_steps,ojmb_node_v2,gat,2.0,1.0,42.0,mean,True,350.0,350.0,0.14120837139898598,0.13184640965714253,0.22456787593086022,20.0,2026-09-29 17:29:46,"new (mean, greedy excluded)",True,batching,ojmb_node,>300
batching_gat_L2_ojmb_node_v2_s43_steps,disk,results/batching_gat_L2_ojmb_node_v2_s43_steps,ojmb_node_v2,gat,2.0,1.0,43.0,mean,True,350.0,350.0,0.16513149615162678,0.149810347893998,0.30029418802696967,20.0,2026-09-30 22:52:50,"new (mean, greedy excluded)",True,batching,ojmb_node,>300
batching_gin_L3_k5_ojmb_base_v2_s42_steps,disk,results/batching_gin_L3_k5_ojmb_base_v2_s42_steps,ojmb_base_v2,gin,3.0,5.0,42.0,mean,True,350.0,350.0,0.17490922852742777,0.1541729735580265,0.2171491259112464,20.0,2026-09-30 15:11:04,"new (mean, greedy excluded)",True,batching,ojmb_base,>300
batching_gin_L3_k5_ojmb_base_v2_s43_steps,disk,results/batching_gin_L3_k5_ojmb_base_v2_s43_steps,ojmb_base_v2,gin,3.0,5.0,43.0,mean,True,350.0,350.0,0.18130398592890526,0.15862114349046072,0.21082161507819208,20.0,2026-10-02 08:31:18,"new (mean, greedy excluded)",True,batching,ojmb_base,>300
batching_gin_L3_k5_ojmb_edge_v2_s42_steps,disk,results/batching_gin_L3_k5_ojmb_edge_v2_s42_steps,ojmb_edge_v2,gin,3.0,5.0,42.0,mean,True,350.0,350.0,0.17255747686781908,0.158239180078738,0.19624973956524766,20.0,2026-09-30 11:55:54,"new (mean, greedy excluded)",True,batching,ojmb_edge,>300
batching_gin_L3_k5_ojmb_edge_v2_s43_steps,disk,results/batching_gin_L3_k5_ojmb_edge_v2_s43_steps,ojmb_edge_v2,gin,3.0,5.0,43.0,mean,True,350.0,350.0,0.19006457179169253,0.14759768508042556,0.20226093402520393,20.0,2026-10-02 05:35:22,"new (mean, greedy excluded)",True,batching,ojmb_edge,>300
batching_gin_L3_k5_ojmb_feat_v2_s42_steps,disk,results/batching_gin_L3_k5_ojmb_feat_v2_s42_steps,ojmb_feat_v2,gin,3.0,5.0,42.0,mean,True,350.0,350.0,0.20141420835712534,0.17029527802498584,0.21360744003915821,20.0,2026-09-30 18:34:22,"new (mean, greedy excluded)",True,batching,ojmb_feat,>300
batching_gin_L3_k5_ojmb_feat_v2_s43_steps,disk,results/batching_gin_L3_k5_ojmb_feat_v2_s43_steps,ojmb_feat_v2,gin,3.0,5.0,43.0,mean,True,350.0,350.0,0.19550332991426833,0.14916599105878467,0.20461086301003867,20.0,2026-10-02 15:02:20,"new (mean, greedy excluded)",True,batching,ojmb_feat,>300
batching_gin_L3_k5_ojmb_node_v2_s42_steps,disk,results/batching_gin_L3_k5_ojmb_node_v2_s42_steps,ojmb_node_v2,gin,3.0,5.0,42.0,mean,True,350.0,350.0,0.17170467962455938,0.14286287529342784,0.17286941532465838,20.0,2026-09-30 08:23:22,"new (mean, greedy excluded)",True,batching,ojmb_node,>300
batching_gin_L3_k5_ojmb_node_v2_s43_steps,disk,results/batching_gin_L3_k5_ojmb_node_v2_s43_steps,ojmb_node_v2,gin,3.0,5.0,43.0,mean,True,350.0,350.0,0.16734882444798363,0.1275868111409697,0.20477784609778865,20.0,2026-10-02 02:07:54,"new (mean, greedy excluded)",True,batching,ojmb_node,>300
batching_gin_L3_ojmb_base_s42,disk,results/batching_gin_L3_ojmb_base_s42,ojmb_base,gin,3.0,1.0,42.0,mean,True,350.0,350.0,0.13629142214173398,0.13253908531287947,0.22132222516513772,20.0,2026-09-28 13:21:16,"new (mean, greedy excluded)",True,batching,ojmb_base,>300
batching_gin_L3_ojmb_edge_s42,disk,results/batching_gin_L3_ojmb_edge_s42,ojmb_edge,gin,3.0,1.0,42.0,mean,True,350.0,350.0,0.17673980749791418,0.1189693002098489,0.18084507042253525,20.0,2026-09-28 11:39:02,"new (mean, greedy excluded)",True,batching,ojmb_edge,>300
batching_gin_L3_ojmb_node_s42,disk,results/batching_gin_L3_ojmb_node_s42,ojmb_node,gin,3.0,1.0,42.0,mean,True,350.0,350.0,0.12567268085454,0.1171980048354512,0.18342556534809054,20.0,2026-09-28 09:49:48,"new (mean, greedy excluded)",True,batching,ojmb_node,>300
batching_teacherfix_50steps_ojmb_edge_s42,disk,results/batching_teacherfix_50steps_ojmb_edge_s42,ojmb_edge,gat,3.0,100.0,42.0,mean,True,50.0,50.0,0.24334094185693378,0.2390042144982793,0.3443452380952381,20.0,2026-09-27 19:03:32,"new (mean, greedy excluded)",True,batching,ojmb_edge,<=50
batching_teacherfix_50steps_ojmb_node_s42,disk,results/batching_teacherfix_50steps_ojmb_node_s42,ojmb_node,gat,3.0,100.0,42.0,mean,True,50.0,50.0,0.21751414684771433,0.18210945996407096,0.2511011870682087,20.0,2026-09-27 19:03:32,"new (mean, greedy excluded)",True,batching,ojmb_node,<=50
blk350_gat_L2_selk1_ojm_blk,git:blocking-constraint,results/blocking/blk350_gat_L2_selk1_ojm_blk,ojm_blk,gat,2.0,1.0,,mean,True,350.0,350.0,0.15680112858041662,0.18910064695091,0.3022302022302022,20.0,,"new (mean, greedy excluded)",True,fjsp,ojm_blk,>300
blk350_gat_L2_selk1_ojmb,git:blocking-constraint,results/blocking/blk350_gat_L2_selk1_ojmb,ojmb,gat,2.0,1.0,,mean,True,350.0,350.0,0.09843845932916767,0.1963181793351114,0.336590866538442,20.0,,"new (mean, greedy excluded)",True,batching,ojmb,>300
blk350_gat_L2_selk1_ojmd,git:blocking-constraint,results/blocking/blk350_gat_L2_selk1_ojmd,ojmd,gat,2.0,1.0,,mean,True,350.0,350.0,0.12957953647470796,0.14603968942129733,0.2226740813908935,20.0,,"new (mean, greedy excluded)",True,fjsp,ojmd,>300
blk350_gat_L2_selk1_ojmf,git:blocking-constraint,results/blocking/blk350_gat_L2_selk1_ojmf,ojmf,gat,2.0,1.0,,mean,True,350.0,350.0,0.11816505570711931,0.1718986282431874,0.2534550195567146,20.0,,"new (mean, greedy excluded)",True,fjsp,ojmf,>300
blk350_gin_L3_selk5_ojm_blk,git:blocking-constraint,results/blocking/blk350_gin_L3_selk5_ojm_blk,ojm_blk,gin,3.0,5.0,,mean,True,350.0,350.0,0.07629582606650452,0.097338676697966,0.15100884897972505,20.0,,"new (mean, greedy excluded)",True,fjsp,ojm_blk,>300
blk350_gin_L3_selk5_ojmb,git:blocking-constraint,results/blocking/blk350_gin_L3_selk5_ojmb,ojmb,gin,3.0,5.0,,mean,True,350.0,350.0,0.08578763793939835,0.10430035641301971,0.20411261670660166,20.0,,"new (mean, greedy excluded)",True,batching,ojmb,>300
blk350_gin_L3_selk5_ojmd,git:blocking-constraint,results/blocking/blk350_gin_L3_selk5_ojmd,ojmd,gin,3.0,5.0,,mean,True,350.0,350.0,0.07801878751684217,0.10784349196749488,0.15743860599494394,20.0,,"new (mean, greedy excluded)",True,fjsp,ojmd,>300
blk350_gin_L3_selk5_ojmf,git:blocking-constraint,results/blocking/blk350_gin_L3_selk5_ojmf,ojmf,gin,3.0,5.0,,mean,True,350.0,350.0,0.08775222485515903,0.08901646195680447,0.16275532377227298,20.0,,"new (mean, greedy excluded)",True,fjsp,ojmf,>300
ep50_ojm_blk,git:blocking-constraint,results/blocking/ep50_ojm_blk,ojm_blk,gat,3.0,100.0,,mean,True,50.0,50.0,0.1641565542793182,0.23900843278639425,0.4033756428493271,20.0,,"new (mean, greedy excluded)",True,fjsp,ojm_blk,<=50
ep50_ojmb,git:blocking-constraint,results/blocking/ep50_ojmb,ojmb,gat,3.0,100.0,,mean,True,50.0,50.0,0.17544370946913931,0.1966934951020057,0.26483728626585784,20.0,,"new (mean, greedy excluded)",True,batching,ojmb,<=50
ep50_ojmd,git:blocking-constraint,results/blocking/ep50_ojmd,ojmd,gat,3.0,100.0,,mean,True,50.0,50.0,0.18751378432881685,0.2664206816621,0.41649991905455724,20.0,,"new (mean, greedy excluded)",True,fjsp,ojmd,<=50
test_blk350,git:blocking-constraint,results/blocking/test_blk350,,,,,,,,,,,,,,,"old (sum, greedy in loss)",False,fjsp,,?
optuna_oo_gat_1790347166/trial_0,git:blocking-constraint,results/optuna_oo_gat_1790347166/trial_0,oo,gat,2.0,5.0,,mean,True,100.0,100.0,0.13775481440275728,0.14220660217457298,0.21014847656854146,40.0,,"new (mean, greedy excluded)",True,fjsp,oo,51-150
diag_ojm_gat_L3_selk1_newloss,git:main,results/diag_ojm_gat_L3_selk1_newloss,ojm,gat,3.0,1.0,,mean,True,30.0,30.0,0.32246663722292984,0.30513246170559055,0.3817689170303187,40.0,,"new (mean, greedy excluded)",True,fjsp,ojm,<=50
diag_ojm_gat_L3_selk1_oldloss,git:main,results/diag_ojm_gat_L3_selk1_oldloss,ojm,gat,3.0,1.0,,sum,False,30.0,30.0,0.09539199516585872,0.10451876458918274,0.1554718918456406,40.0,,"old (sum, greedy in loss)",True,fjsp,ojm,<=50
diag_ojm_gat_L3_selk1_oldloss_maxproc350,git:main,results/diag_ojm_gat_L3_selk1_oldloss_maxproc350,ojm,gat,3.0,1.0,,sum,False,30.0,30.0,0.1127179961833032,0.11154147853670245,0.14277750769729378,40.0,,"old (sum, greedy in loss)",True,fjsp,ojm,<=50
diag_ojm_gat_L3_selk5_oldloss,git:main,results/diag_ojm_gat_L3_selk5_oldloss,ojm,gat,3.0,5.0,,sum,False,30.0,30.0,0.4458695662735369,0.44123637826814566,0.5475329236172082,40.0,,"old (sum, greedy in loss)",True,fjsp,ojm,<=50
mask_ojm_gin_mask0_selk1,git:main,results/mask_ojm_gin_mask0_selk1,ojm,gin,3.0,1.0,,mean,True,100.0,100.0,0.1795673856452118,0.17257350650093933,0.22336886993603416,40.0,,"new (mean, greedy excluded)",True,fjsp,ojm,51-150
mask_ojm_gin_mask1_selk1,git:main,results/mask_ojm_gin_mask1_selk1,ojm,gin,3.0,1.0,,mean,True,100.0,100.0,0.18183718155416795,0.16799512708290992,0.2438650306748466,40.0,,"new (mean, greedy excluded)",True,fjsp,ojm,51-150
mask_ojm_gin_mask1_selk100,git:main,results/mask_ojm_gin_mask1_selk100,ojm,gin,3.0,100.0,,mean,True,100.0,100.0,0.3484282024727543,0.2658184351209486,0.3566579281641037,40.0,,"new (mean, greedy excluded)",True,fjsp,ojm,51-150
optuna_ojm_gat_L2_1790500154/trial_0,git:main,results/optuna_ojm_gat_L2_1790500154/trial_0,ojm,gat,2.0,1.0,,mean,True,30.0,30.0,0.9571306266680235,0.9792657209138398,1.2084826831095488,40.0,,"new (mean, greedy excluded)",True,fjsp,ojm,<=50
optuna_ojm_gat_L2_1790500154/trial_1,git:main,results/optuna_ojm_gat_L2_1790500154/trial_1,ojm,gat,2.0,10.0,,mean,True,30.0,30.0,0.7718665624232294,0.5585476470672784,0.7652661064425771,40.0,,"new (mean, greedy excluded)",True,fjsp,ojm,<=50
optuna_ojm_gat_L2_1790500154/trial_2,git:main,results/optuna_ojm_gat_L2_1790500154/trial_2,ojm,gat,2.0,10.0,,mean,True,30.0,30.0,1.0107229215494813,0.9142599441000069,1.6458691444057303,40.0,,"new (mean, greedy excluded)",True,fjsp,ojm,<=50
optuna_ojm_gat_L2_1790500154/trial_3,git:main,results/optuna_ojm_gat_L2_1790500154/trial_3,ojm,gat,2.0,1.0,,mean,True,30.0,30.0,0.20952308176796705,0.1848687340432594,0.23022139005911832,40.0,,"new (mean, greedy excluded)",True,fjsp,ojm,<=50
optuna_ojm_gat_exgreedyFalse_logpsum_L2_1790519400/trial_0,git:main,results/optuna_ojm_gat_exgreedyFalse_logpsum_L2_1790519400/trial_0,ojm,gat,2.0,1.0,,sum,False,30.0,30.0,0.6346082501445769,0.5872835226349797,0.7349947349947351,40.0,,"old (sum, greedy in loss)",True,fjsp,ojm,<=50
optuna_ojm_gat_exgreedyFalse_logpsum_L2_1790519400/trial_1,git:main,results/optuna_ojm_gat_exgreedyFalse_logpsum_L2_1790519400/trial_1,ojm,gat,2.0,10.0,,sum,False,30.0,30.0,1.0923979279228657,1.1644370262615975,2.005726765726766,40.0,,"old (sum, greedy in loss)",True,fjsp,ojm,<=50
optuna_ojm_gat_exgreedyFalse_logpsum_L2_1790519400/trial_2,git:main,results/optuna_ojm_gat_exgreedyFalse_logpsum_L2_1790519400/trial_2,ojm,gat,2.0,10.0,,sum,False,30.0,30.0,1.2800684660630546,1.0796453400450772,1.5346418791352725,40.0,,"old (sum, greedy in loss)",True,fjsp,ojm,<=50
optuna_ojm_gat_exgreedyFalse_logpsum_L2_1790519400/trial_3,git:main,results/optuna_ojm_gat_exgreedyFalse_logpsum_L2_1790519400/trial_3,ojm,gat,2.0,1.0,,sum,False,30.0,30.0,0.11773856884287673,0.13380269624719063,0.1985369290884633,40.0,,"old (sum, greedy in loss)",True,fjsp,ojm,<=50
optuna_ojm_gat_exgreedyFalse_logpsum_L2_1790519400/trial_4,git:main,results/optuna_ojm_gat_exgreedyFalse_logpsum_L2_1790519400/trial_4,ojm,gat,2.0,1.0,,sum,False,30.0,30.0,0.4667233911945822,0.43116918570247054,0.6020430107526883,40.0,,"old (sum, greedy in loss)",True,fjsp,ojm,<=50
optuna_ojm_gat_exgreedyFalse_logpsum_L2_1790519400/trial_5,git:main,results/optuna_ojm_gat_exgreedyFalse_logpsum_L2_1790519400/trial_5,ojm,gat,2.0,1.0,,sum,False,30.0,30.0,0.09475959846997425,0.09819373161579861,0.1332443257676903,40.0,,"old (sum, greedy in loss)",True,fjsp,ojm,<=50
optuna_ojm_gat_exgreedyFalse_logpsum_L2_1790546253/trial_10,git:main,results/optuna_ojm_gat_exgreedyFalse_logpsum_L2_1790546253/trial_10,ojm,gat,2.0,1.0,,sum,False,30.0,30.0,0.9196389702863724,1.018168834857557,1.254503478810879,40.0,,"old (sum, greedy in loss)",True,fjsp,ojm,<=50
optuna_ojm_gat_exgreedyFalse_logpsum_L2_1790546253/trial_11,git:main,results/optuna_ojm_gat_exgreedyFalse_logpsum_L2_1790546253/trial_11,ojm,gat,2.0,1.0,,sum,False,30.0,30.0,0.15477141632379596,0.1361290171399574,0.1785135135135136,40.0,,"old (sum, greedy in loss)",True,fjsp,ojm,<=50
optuna_ojm_gat_exgreedyFalse_logpsum_L2_1790546253/trial_8,git:main,results/optuna_ojm_gat_exgreedyFalse_logpsum_L2_1790546253/trial_8,ojm,gat,2.0,1.0,,sum,False,30.0,30.0,0.8624608484883577,0.8210526914254365,0.9671285937687959,40.0,,"old (sum, greedy in loss)",True,fjsp,ojm,<=50
optuna_ojm_gat_exgreedyFalse_logpsum_L2_1790546253/trial_9,git:main,results/optuna_ojm_gat_exgreedyFalse_logpsum_L2_1790546253/trial_9,ojm,gat,2.0,10.0,,sum,False,30.0,30.0,0.995686387893704,1.077533881794429,1.3230373230373231,40.0,,"old (sum, greedy in loss)",True,fjsp,ojm,<=50
optuna_ojm_gin_exgreedyFalse_logpsum_L3_selkin2-3-5_1790563365/trial_0,git:main,results/optuna_ojm_gin_exgreedyFalse_logpsum_L3_selkin2-3-5_1790563365/trial_0,ojm,gin,3.0,2.0,,sum,False,30.0,30.0,0.2442037824237179,0.27424585650628175,0.34439306205196835,40.0,,"old (sum, greedy in loss)",True,fjsp,ojm,<=50
optuna_ojm_gin_exgreedyFalse_logpsum_L3_selkin2-3-5_1790563365/trial_1,git:main,results/optuna_ojm_gin_exgreedyFalse_logpsum_L3_selkin2-3-5_1790563365/trial_1,ojm,gin,3.0,2.0,,sum,False,30.0,30.0,0.2550518640117873,0.24695744141947623,0.348018803191217,40.0,,"old (sum, greedy in loss)",True,fjsp,ojm,<=50
optuna_ojm_gin_exgreedyFalse_logpsum_L3_selkin2-3-5_1790563365/trial_2,git:main,results/optuna_ojm_gin_exgreedyFalse_logpsum_L3_selkin2-3-5_1790563365/trial_2,ojm,gin,3.0,5.0,,sum,False,30.0,30.0,1.1337604716619867,1.0941891385960192,1.0868108437404813,40.0,,"old (sum, greedy in loss)",True,fjsp,ojm,<=50
optuna_ojm_gin_exgreedyFalse_logpsum_L3_selkin2-3-5_1790563365/trial_3,git:main,results/optuna_ojm_gin_exgreedyFalse_logpsum_L3_selkin2-3-5_1790563365/trial_3,ojm,gin,3.0,5.0,,sum,False,30.0,30.0,0.7498797320232937,0.7770052258939038,0.9060283000581522,40.0,,"old (sum, greedy in loss)",True,fjsp,ojm,<=50
optuna_ojm_gin_exgreedyFalse_logpsum_L3_selkin2-3-5_1790563365/trial_4,git:main,results/optuna_ojm_gin_exgreedyFalse_logpsum_L3_selkin2-3-5_1790563365/trial_4,ojm,gin,3.0,5.0,,sum,False,30.0,30.0,0.9415027407586731,0.9016403064721417,1.2218023562510991,40.0,,"old (sum, greedy in loss)",True,fjsp,ojm,<=50
optuna_ojm_gin_exgreedyFalse_logpsum_L3_selkin2-3-5_1790563365/trial_5,git:main,results/optuna_ojm_gin_exgreedyFalse_logpsum_L3_selkin2-3-5_1790563365/trial_5,ojm,gin,3.0,2.0,,sum,False,30.0,30.0,0.30301673594116635,0.3326337675946375,0.4172146837139823,40.0,,"old (sum, greedy in loss)",True,fjsp,ojm,<=50
optuna_ojm_gin_exgreedyFalse_logpsum_L3_selkin2-3-5_1790563365/trial_6,git:main,results/optuna_ojm_gin_exgreedyFalse_logpsum_L3_selkin2-3-5_1790563365/trial_6,ojm,gin,3.0,3.0,,sum,False,30.0,30.0,0.9307685089501104,0.7811164917384936,1.5311602480795112,40.0,,"old (sum, greedy in loss)",True,fjsp,ojm,<=50
optuna_ojm_gin_exgreedyFalse_logpsum_L3_selkin2-3-5_1790563365/trial_7,git:main,results/optuna_ojm_gin_exgreedyFalse_logpsum_L3_selkin2-3-5_1790563365/trial_7,ojm,gin,3.0,3.0,,sum,False,30.0,30.0,0.7609488154998056,0.8011949205903022,1.337618439312202,40.0,,"old (sum, greedy in loss)",True,fjsp,ojm,<=50
optuna_ojm_gin_exgreedyFalse_logpsum_L3_selkin2-3-5_1790563365/trial_8,git:main,results/optuna_ojm_gin_exgreedyFalse_logpsum_L3_selkin2-3-5_1790563365/trial_8,ojm,gin,3.0,5.0,,sum,False,30.0,30.0,1.068607994535265,0.9074098389249325,1.2637894736842106,40.0,,"old (sum, greedy in loss)",True,fjsp,ojm,<=50
optuna_ojm_gin_exgreedyFalse_logpsum_L3_selkin2-3-5_1790563365/trial_9,git:main,results/optuna_ojm_gin_exgreedyFalse_logpsum_L3_selkin2-3-5_1790563365/trial_9,ojm,gin,3.0,5.0,,sum,False,30.0,30.0,1.0715683654223005,1.151541498113241,1.0865062442887612,40.0,,"old (sum, greedy in loss)",True,fjsp,ojm,<=50
train_ojm_trans_selk100_oldloss_350,git:main,results/train_ojm_trans_selk100_oldloss_350,ojm,transformer,3.0,100.0,,sum,False,350.0,350.0,0.12881359844633947,0.1372117635256192,0.16678281068524975,40.0,,"old (sum, greedy in loss)",True,fjsp,ojm,>300
train_sel-k100_100_trans_oo,git:main,results/train_sel-k100_100_trans_oo,oo,gin,3.0,100.0,,mean,True,100.0,100.0,0.17259723799330487,0.17371299078234873,0.2603934877428685,40.0,,"new (mean, greedy excluded)",True,fjsp,oo,51-150
train_sel-k100_400,git:main,results/train_sel-k100_400,ojm,gat,3.0,100.0,,mean,True,100.0,100.0,1.0089932946980356,1.05724533536221,1.593484652714898,40.0,,"new (mean, greedy excluded)",True,fjsp,ojm,51-150
train_sel-k100_400_gin_ojm,git:main,results/train_sel-k100_400_gin_ojm,ojm,gin,3.0,100.0,,mean,True,100.0,100.0,0.993775824391155,0.9046590384366905,1.2196289853333735,40.0,,"new (mean, greedy excluded)",True,fjsp,ojm,51-150
train_sel-k100_400_gin_om,git:main,results/train_sel-k100_400_gin_om,om,gin,3.0,100.0,,mean,True,100.0,100.0,0.21814997896451913,0.21295694852020236,0.2660429447852761,40.0,,"new (mean, greedy excluded)",True,fjsp,om,51-150
train_sel-k100_400_gin_oo,git:main,results/train_sel-k100_400_gin_oo,oo,gin,3.0,100.0,,mean,True,100.0,100.0,0.12611904906203764,0.14225328226002457,0.21979364197283313,40.0,,"new (mean, greedy excluded)",True,fjsp,oo,51-150
train_sel-k100_400_om,git:main,results/train_sel-k100_400_om,om,gat,3.0,100.0,,mean,True,100.0,100.0,0.766306524041407,0.8150199012720204,1.4543972730089882,40.0,,"new (mean, greedy excluded)",True,fjsp,om,51-150
train_sel-k100_400_oo,git:main,results/train_sel-k100_400_oo,oo,gat,3.0,100.0,,mean,True,100.0,100.0,0.14387477106271718,0.14048291792000636,0.19398966887784075,40.0,,"new (mean, greedy excluded)",True,fjsp,oo,51-150
train_sel-k100_400_trans_ojm,git:main,results/train_sel-k100_400_trans_ojm,ojm,transformer,3.0,100.0,,mean,True,100.0,100.0,0.13320791977070368,0.14553040293799263,0.16768580966005867,40.0,,"new (mean, greedy excluded)",True,fjsp,ojm,51-150
train_sel-k100_400_trans_om,git:main,results/train_sel-k100_400_trans_om,om,transformer,3.0,100.0,,mean,True,100.0,100.0,0.17763898769828648,0.18764405669231354,0.2152804673642415,40.0,,"new (mean, greedy excluded)",True,fjsp,om,51-150
train_sel-k100_400_trans_oo,git:main,results/train_sel-k100_400_trans_oo,oo,transformer,3.0,100.0,,mean,True,100.0,100.0,0.10846242513410372,0.10920858624581853,0.16693877551020414,40.0,,"new (mean, greedy excluded)",True,fjsp,oo,51-150
