branch,location,classification,run_name,representation,gnn_type,num_layers,sel_k,mask_option,seed,hidden_channels,heads,jm_design,logp_norm,exclude_greedy_from_loss,max_episodes,episodes_completed,updates_completed,completed,best_validation_avg_gap,best_validation_q80_gap,test_avg_gap,test_std_gap,test_q80_gap,test_n_instances,best_episode,best_val_std_gap,best_val_smoothed_avg_gap,best_difference,actor_param_count,total_runtime_sec,total_runtime_h,best_model_path
main,Archive_runs/areginconverging_oo,Runs_nao usar,areginconverging_oo,oo,,,,,,,,,,,100,100,100,True,1.094862477031034,1.3295861321776818,,,,,,,,0.01100824598406347,35587,3514.4110236167908,0.976,
main,Archive_runs/aretheyconverging1_oo,Runs_nao usar,aretheyconverging1_oo,oo,,,,,,,,,,,100,100,100,True,0.47095238671436246,0.7425094228236684,,,,,,,,0.8560348833122684,19617,3506.8993117809296,0.974,
main,Archive_runs/aretheyconverging2,Runs_nao usar,aretheyconverging2,ojm,,,,,,,,,,,100,100,100,True,0.6333038828752361,0.8950831370869906,,,,,,,,0.01705538822872199,68070,4539.605676651001,1.261,
main,Archive_runs/aretheyconverging2_om,Runs_nao usar,aretheyconverging2_om,om,,,,,,,,,,,100,100,100,True,0.660832594247146,0.9756535428303287,,,,,,,,0.03010983358933572,39230,2073.9873473644257,0.576,
main,Archive_runs/aretheyconverging2_oo,Runs_nao usar,aretheyconverging2_oo,oo,,,,,,,,,,,100,100,100,True,0.3709470485742119,0.6186601902448898,,,,,,,,0.4243661089131342,19617,3181.2273926734924,0.884,
main,Archive_runs/aretheyconverging2_oo_20260917_133454,Runs_nao usar,aretheyconverging2_oo,oo,,,,,,,,,,,100,100,100,True,0.7207121299793069,1.0110706334750055,,,,,,,,0.0496448445485278,35587,3181.3561170101166,0.884,
main,Archive_runs/aretheyconverging3_oo,Runs_nao usar,aretheyconverging3_oo,oo,,,,,,,,,,,100,100,100,True,0.3622340852832413,0.5737576073726309,,,,,,,,0.9826469155353097,19617,3376.6495344638824,0.938,
main,Archive_runs/convergence_check_ojm_gat,Runs_nao usar,convergence_check_ojm_gat,ojm,gat,2,2,1,,128,3,,,,400,400,400,True,0.1658420082640596,0.2253768359292069,0.18814468994900468,0.1020380963903843,0.26623688101850185,40,125,0.09246458402925524,0.1658420082640596,0.03273750083769478,2156646,18586.032850265503,5.163,candidate_models/275956690326174.pth
main,Archive_runs/convergence_check_ojm_gin,Runs_nao usar,convergence_check_ojm_gin,ojm,gin,2,2,1,,128,3,,,,400,400,400,True,0.13238128265654733,0.16107831562377026,0.12329927685092697,0.045883720428501154,0.1658096613705666,40,400,0.04671892457882843,0.13238128265654733,0.006470559781550644,3150788,16126.3969976902,4.48,candidate_models/12322002294160.pth
main,Archive_runs/convergence_check_ojm_gin_fixed,Runs_nao usar,convergence_check_ojm_gin_fixed,ojm,gin,2,2,1,,128,3,,,,250,250,250,True,0.1644873723199769,0.2223061694267053,0.1778570323626195,0.09361560714089255,0.2663101604278075,30,225,0.069271739234578,,0.037383445656000686,3150788,4664.7353184223175,1.296,candidate_models/230634030095048.pth
main,Archive_runs/convergence_check_ojm_transformer,Runs_nao usar,convergence_check_ojm_transformer,ojm,transformer,2,2,1,,128,3,,,,400,400,400,True,0.11771832389040449,0.13670276981035143,0.1252151176541429,0.05059192437782078,0.17208344087190014,40,125,0.04124967678550106,0.11771832389040449,0.015767044745103972,4264038,19800.19189953804,5.5,candidate_models/282475626022764.pth
main,Archive_runs/convergence_check_om_gat,Runs_nao usar,convergence_check_om_gat,om,gat,2,2,1,,128,3,,,,400,400,400,True,0.13495440393707392,0.18088916272383102,0.14320064202675953,0.0774590521827112,0.19429599959438226,40,225,0.0735239071289384,0.13495440393707392,0.027230641992192467,1232702,14023.18501663208,3.895,candidate_models/707720872170429.pth
main,Archive_runs/convergence_check_om_gin,Runs_nao usar,convergence_check_om_gin,om,gin,2,2,1,,128,3,,,,400,400,400,True,0.13586687892946775,0.16611826851347813,0.14295370703729915,0.05319152198475133,0.18701370621625368,40,350,0.04957507947527783,0.13586687892946775,0.0320440608251151,1801222,12411.322992563248,3.448,candidate_models/155301211488790.pth
main,Archive_runs/convergence_check_om_gin_fixed,Runs_nao usar,convergence_check_om_gin_fixed,om,gin,2,2,1,,128,3,,,,250,250,250,True,0.1581652405566691,0.2111764705882353,0.1705511225841482,0.07441021086634404,0.2363127757439219,30,175,0.07448404918035477,,0.026168351335783963,1801222,3413.442489862442,0.948,candidate_models/246661562322637.pth
main,Archive_runs/convergence_check_om_transformer,Runs_nao usar,convergence_check_om_transformer,om,transformer,2,2,1,,128,3,,,,400,400,400,True,0.1402220629642262,0.16659615942930617,0.15213776413405947,0.06260339342758517,0.20901402278702882,40,400,0.04928358736378328,0.1402220629642262,0.07449055131434704,2436926,15633.84754395485,4.343,candidate_models/704529522087037.pth
main,Archive_runs/convergence_check_oo_gat,Runs_nao usar,convergence_check_oo_gat,oo,gat,2,1,1,,128,3,,,,400,400,400,True,0.14170971170281485,0.17676427217189802,0.14355573240323793,0.07197391814776166,0.21728102283858322,40,300,0.06825166260409096,0.14170971170281485,0.005565816164491699,616356,9136.722332000732,2.538,candidate_models/136607064348329.pth
main,Archive_runs/convergence_check_oo_gat_fixed,Runs_nao usar,convergence_check_oo_gat_fixed,oo,gat,2,1,1,,128,3,,,,250,250,250,True,0.12009611783292466,0.1631797583081572,0.12627382856948835,0.05899075621583614,0.16084259184169983,30,250,0.058563256387351596,,0.014687311708460105,616356,2475.2736382484436,0.688,candidate_models/852009982036271.pth
main,Archive_runs/convergence_check_oo_gin,Runs_nao usar,convergence_check_oo_gin,oo,gin,2,1,1,,128,3,,,,400,400,400,True,0.15885848902591818,0.15590515079876788,0.13863335416212824,0.07016072403407254,0.2035763996023175,40,100,0.0894218408002041,0.15885848902591818,0.18344110838629962,900616,8367.591780900955,2.324,candidate_models/196115285954942.pth
main,Archive_runs/convergence_check_oo_gin_fixed,Runs_nao usar,convergence_check_oo_gin_fixed,oo,gin,2,1,1,,128,3,,,,250,250,250,True,0.1186248534192592,0.186315990089575,0.13657533320037168,0.08807048690145997,0.2127626968265777,30,250,0.07235732563196125,,0.029668779052374528,900616,2253.315020084381,0.626,candidate_models/385769104490350.pth
main,Archive_runs/convergence_check_oo_gin_lowlr,Runs_nao usar,convergence_check_oo_gin_lowlr,oo,gin,2,1,1,,128,3,,,,250,250,250,True,0.12636509136647825,0.21264255457803904,0.15282580941332277,0.11443747368852931,0.22858879256412565,30,150,0.09826941841535809,,0.048856023813171695,900616,1215.7273819446564,0.338,candidate_models/251728950977056.pth
main,Archive_runs/convergence_check_oo_transformer,Runs_nao usar,convergence_check_oo_transformer,oo,gat,2,1,1,,128,3,,,,400,400,400,True,0.10058668723996042,0.1313078883929086,0.10731354931101364,0.055882038960018046,0.1379621545615792,40,25,0.07482486175960198,0.16007503787320887,0.0,1218468,10989.419173002243,3.053,candidate_models/911867907773049.pth
main,Archive_runs/diagnose_overfit_oo_gat_20260917_210853,Runs_nao usar,diagnose_overfit_oo_gat_20260917_210853,oo,,,,,,,,,,,50,50,50,True,0.4456064560231227,0.5308140933140933,,,,,,,,0.0,616353,41.31643271446228,0.011,
main,Archive_runs/diagnose_overfit_oo_gat_20260917_210958,Runs_nao usar,diagnose_overfit_oo_gat_20260917_210958,oo,,,,,,,,,,,400,400,400,True,0.21501428461153407,0.30072324532049477,,,,,,,,0.0,616353,1555.8013117313385,0.432,
main,Archive_runs/diagnose_overfit_oo_gat_20260917_213735,Runs_nao usar,diagnose_overfit_oo_gat_20260917_213735,oo,,,,,,,,,,,50,50,50,True,0.17758478175144843,0.25597643097643097,,,,,,,,0.0,616353,192.52312397956848,0.053,
main,Archive_runs/diagnose_verify_nowarm,Runs_nao usar,diagnose_verify_nowarm,oo,,,,,,,,,,,50,50,50,True,0.11685684602351265,0.18563011063011065,,,,,,,,0.02536790036790046,616353,77.45022821426392,0.022,
main,Archive_runs/diagnose_verify_warm,Runs_nao usar,diagnose_verify_warm,oo,,,,,,,,,,,50,50,50,True,0.1575630013130013,0.2265993265993266,,,,,,,,0.008337747921081273,616353,124.5198986530304,0.035,
main,Archive_runs/diagnose_verify_warm_bigger,Runs_nao usar,diagnose_verify_warm_bigger,oo,,,,,,,,,,,100,100,100,True,0.1894260476627864,0.2850662108029495,,,,,,,,0.0,616353,323.68165397644043,0.09,
main,Archive_runs/isginworking,Runs_nao usar,isginworking,oo,,,,,,,,,,,10,10,10,True,0.974426775428614,1.2160818033929819,,,,,,,,0.0,35587,440.13406682014465,0.122,
main,Archive_runs/isginworking_ojm,Runs_nao usar,isginworking_ojm,ojm,,,,,,,,,,,10,10,10,True,0.5896479689508518,0.8755154937018144,,,,,,,,0.0,124349,530.4023787975311,0.147,
main,Archive_runs/isginworking_ojm_20260917_162847,Runs_nao usar,isginworking_ojm,ojm,,,,,,,,,,,10,10,10,True,0.6324274486078062,0.8228852886102744,,,,,,,,0.0,124349,448.94914722442627,0.125,
main,Archive_runs/isginworking_om_20260917_152126,Runs_nao usar,isginworking_om,om,,,,,,,,,,,10,10,10,True,0.6612365471203775,0.9497994251239774,,,,,,,,0.0,71170,207.52082133293152,0.058,
main,Archive_runs/isginworking_om_20260917_162609,Runs_nao usar,isginworking_om,om,,,,,,,,,,,10,10,10,True,0.650425283077439,0.924503921033124,,,,,,,,0.0,71170,157.4020290374756,0.044,
main,Archive_runs/isginworking_oo,Runs_nao usar,isginworking_oo,oo,,,,,,,,,,,10,10,10,True,1.1965176126752577,1.6191553992703018,,,,,,,,0.0,35587,308.6878879070282,0.086,
main,Archive_runs/isginworking_oo_20260917_151524,Runs_nao usar,isginworking_oo,oo,,,,,,,,,,,10,10,10,True,1.2046345320348044,1.5489835460091128,,,,,,,,0.0,35587,362.43026065826416,0.101,
main,Archive_runs/isginworking_oo_20260917_162136,Runs_nao usar,isginworking_oo,oo,,,,,,,,,,,10,10,10,True,1.1440884005080363,1.6163986998916577,,,,,,,,0.0,35587,272.67577838897705,0.076,
main,Archive_runs/istransformerconverging_oo,Runs_nao usar,istransformerconverging_oo,oo,,,,,,,,,,,100,100,100,True,0.3458400689241505,0.5786124152321337,,,,,,,,0.1250679427706165,31905,4734.712542772293,1.315,
main,Archive_runs/istransformerworking_ojm,Runs_nao usar,istransformerworking_ojm,ojm,,,,,,,,,,,10,10,10,True,0.6613780041390411,0.9807139497203784,,,,,,,,0.0,111078,475.6540780067444,0.132,
main,Archive_runs/istransformerworking_om_20260917_163810,Runs_nao usar,istransformerworking_om,om,,,,,,,,,,,10,10,10,True,0.6168623112563859,0.8867494235446477,,,,,,,,0.0,63806,280.1908254623413,0.078,
main,Archive_runs/istransformerworking_oo,Runs_nao usar,istransformerworking_oo,oo,,,,,,,,,,,10,10,10,True,1.1721138075116715,1.5270119176598052,,,,,,,,0.0,31905,281.1661059856415,0.078,
main,Archive_runs/istransformerworking_oo_20260917_161717,Runs_nao usar,istransformerworking_oo,oo,,,,,,,,,,,10,10,10,True,1.557879214530106,2.140737996161812,,,,,,,,0.0,31905,269.9723074436188,0.075,
main,Archive_runs/istransformerworking_oo_20260917_163310,Runs_nao usar,istransformerworking_oo,oo,,,,,,,,,,,10,10,10,True,1.1311778594934512,1.3733837930630877,,,,,,,,0.0,31905,299.56724548339844,0.083,
main,Archive_runs/optuna_ojm_1789382496/trial_0,Runs_incompletas,optuna_ojm_1789382496/trial_0,ojm,,,,,,,,,,,2,2,2,True,0.5076412157065961,0.6519173514350363,,,,,,,,0.014660493827160503,11430,8.784571886062622,0.002,
main,Archive_runs/optuna_ojm_gat_1790230616/trial_0,Runs_incompletas,optuna_ojm_gat_1790230616/trial_0,ojm,gat,1,2,1,,256,4,,,,100,100,100,True,0.15460262424140506,0.18542884990253405,0.1556312673617246,0.07531852612394892,0.19687079875759128,40,75,0.07161585450407959,0.15460262424140506,0.025557778243332024,181350,12306.963104009628,3.419,candidate_models/855362124902725.pth
main,Archive_runs/optuna_om_1789382491/trial_0,Runs_incompletas,optuna_om_1789382491/trial_0,om,,,,,,,,,,,2,2,2,True,0.5421199937880002,0.7763978206502324,,,,,,,,0.0,6590,5.370661735534668,0.001,
main,Archive_runs/optuna_om_gat_1790086373/trial_2,Runs_incompletas,optuna_om_gat_1790086373/trial_2,om,gat,1,2,1,,256,4,,,,100,100,100,True,0.20891272686203988,0.2605882352941176,0.2293546894789155,0.10218717733234893,0.32454775458570534,40,100,0.08034841854079469,0.20891272686203988,0.039371405940082094,104510,11387.728132247925,3.163,candidate_models/87417053790755.pth
main,Archive_runs/optuna_om_gat_1790209900/trial_5,Runs_incompletas,optuna_om_gat_1790209900/trial_5,om,gat,1,2,1,,256,4,,,,100,100,100,True,0.20282929317860374,0.24189189719211962,0.21590058147791152,0.10916132180558753,0.295673404496934,40,100,0.09155952741240862,0.20282929317860374,0.065299558577048,104510,6791.099709272385,1.886,candidate_models/125127440145651.pth
main,Archive_runs/optuna_om_gat_1790209900/trial_6,Runs_incompletas,optuna_om_gat_1790209900/trial_6,om,gat,1,2,1,,256,4,,,,100,100,100,True,0.19924657361778195,0.2801459914561819,0.19894054663709831,0.11900809712460088,0.2943627231714955,40,100,0.11329330523179845,0.19924657361778195,0.04463588320184836,104510,6498.821902990341,1.805,candidate_models/563437204762025.pth
main,Archive_runs/optuna_om_gat_1790209900/trial_7,Runs_incompletas,optuna_om_gat_1790209900/trial_7,om,gat,3,3,0,,256,3,,,,100,100,100,True,0.47818215974955786,0.6018838356345162,0.4918721384003506,0.24898526217859632,0.7154302382109868,40,100,0.23472664734400833,0.47818215974955786,0.013540692549105837,9570878,7367.211717844009,2.046,candidate_models/696485478363223.pth
main,Archive_runs/optuna_om_gin_1790105546/trial_0,Runs_incompletas,optuna_om_gin_1790105546/trial_0,om,gin,1,2,1,,256,4,,,,100,100,100,True,0.16141430799053505,0.19671236915818957,0.16934737991869775,0.05478541944774555,0.22210275404305269,40,100,0.06456490484888855,0.16141430799053505,0.048254026021032376,4241666,5179.894374847412,1.439,candidate_models/440322190455995.pth
main,Archive_runs/optuna_om_gin_1790105546/trial_1,Runs_incompletas,optuna_om_gin_1790105546/trial_1,om,gin,1,2,1,,256,4,,,,100,100,100,True,0.16263273211179433,0.19621780658366025,0.1702971239337034,0.07789119205952776,0.25420481968661834,40,75,0.08566193062582927,0.16263273211179433,0.012261682997152551,4241666,4650.07275891304,1.292,candidate_models/771461812094641.pth
main,Archive_runs/optuna_om_gin_1790105546/trial_2,Runs_incompletas,optuna_om_gin_1790105546/trial_2,om,gin,3,3,0,,256,3,,,,100,100,100,True,0.44951967173910506,0.6373403732809432,0.4121891782146602,0.25132313660365363,0.6304555784577983,40,100,0.2517684315804591,0.44951967173910506,0.00824495527989244,11887370,5538.754892587662,1.539,candidate_models/578385517390471.pth
main,Archive_runs/optuna_om_transformer_1790121707/trial_0,Runs_incompletas,optuna_om_transformer_1790121707/trial_0,om,transformer,1,2,1,,256,4,,,,100,100,100,True,0.180128902750141,0.21185613248231847,0.18887312854922503,0.08777762381034797,0.24156160707884858,40,100,0.0600971818490604,0.180128902750141,0.03565941890369212,170046,7818.84499502182,2.172,candidate_models/931286386303750.pth
main,Archive_runs/optuna_om_transformer_1790121707/trial_1,Runs_incompletas,optuna_om_transformer_1790121707/trial_1,om,transformer,1,2,1,,256,4,,,,100,100,100,True,0.1513411978231858,0.16457157643115905,0.15741489452675939,0.05832935457392422,0.200251572327044,40,100,0.05576324545533957,0.1513411978231858,0.008577714478547216,170046,8108.431138277054,2.252,candidate_models/452176656920363.pth
main,Archive_runs/optuna_oo_1789382472/trial_0,Runs_incompletas,optuna_oo_1789382472/trial_0,oo,,,,,,,,,,,2,2,2,True,1.2784144675221845,1.5357181136120044,,,,,,,,0.00038580246913588745,3297,7.850934982299805,0.002,
main,Archive_runs/optuna_oo_1790043240/trial_0,Runs_a questionar,optuna_oo_1790043240/trial_0,oo,gat,1,1,1,,256,4,,,,100,100,100,True,0.13105630871823074,0.18460370785118832,0.14184640732664983,0.07180314189580086,0.2029029793735676,40,60,0.06588094913548542,0.13105630871823074,0.008852617260794893,52260,3046.915529727936,0.846,candidate_models/445752171909992.pth
main,Archive_runs/optuna_oo_1790043240/trial_1,Runs_a questionar,optuna_oo_1790043240/trial_1,oo,gat,3,1,1,,512,4,,,,100,100,100,True,0.1388859487958126,0.16623950212466954,0.15072317563897497,0.06501158105535118,0.19970531658003526,40,15,0.057585575882137446,0.1388859487958126,0.0,33732644,15450.841805696487,4.292,candidate_models/293864447427531.pth
main,Archive_runs/optuna_oo_1790043240/trial_2,Runs_a questionar,optuna_oo_1790043240/trial_2,oo,gat,1,1,1,,256,4,,,,100,100,100,True,0.11552582694183842,0.14225338204799046,0.11618368358536527,0.055731398463364376,0.13827258510766277,40,100,0.05649365710576446,0.11552582694183842,0.034022607165760776,52260,1730.7939522266388,0.481,candidate_models/754087423801083.pth
main,Archive_runs/optuna_oo_1790043240/trial_3,Runs_a questionar,optuna_oo_1790043240/trial_3,oo,gat,1,1,1,,128,2,,,,100,100,100,True,0.13131318214450163,0.16999904589256765,0.1475900061381375,0.08031208651044991,0.22290741894022717,40,90,0.07222850222602216,0.13131318214450163,0.0065809646894818,13092,1424.9848194122314,0.396,candidate_models/807976763254063.pth
main,Archive_runs/optuna_oo_1790043240/trial_4,Runs_a questionar,optuna_oo_1790043240/trial_4,oo,gat,2,1,1,,64,4,,,,100,100,100,True,0.1558152728785254,0.2103310311979042,0.15676211883161956,0.07217410948476571,0.2068875962315653,40,100,0.07452549870438052,0.1558152728785254,0.007631385940798263,279844,1011.700385093689,0.281,candidate_models/981901789386415.pth
main,Archive_runs/optuna_oo_1790043240/trial_5,Runs_a questionar,optuna_oo_1790043240/trial_5,oo,gat,1,1,1,,256,4,,,,100,100,100,True,0.11012523571509698,0.15666736886454596,0.11102552937480689,0.05031308783432981,0.14329670329670324,40,15,0.0536695428121636,0.11012523571509698,0.0,52260,1862.7382979393005,0.517,candidate_models/852001622969576.pth
main,Archive_runs/optuna_oo_1790043240/trial_6,Runs_a questionar,optuna_oo_1790043240/trial_6,oo,gat,1,1,1,,128,2,,,,100,100,100,True,0.09533839903750188,0.11787136071791374,0.10247019877558386,0.04714352834637691,0.13538343753987497,40,15,0.052469380081109435,0.09533839903750188,0.0,13092,1454.6023216247559,0.404,candidate_models/969867953721052.pth
main,Archive_runs/optuna_oo_1790071067/trial_8,,optuna_oo_1790071067/trial_8,oo,gat,1,1,1,,256,4,,,,100,100,100,True,0.1387323484781758,0.18360758611072373,0.14804979515498456,0.07647989598276025,0.22354740611448012,40,100,0.06555800817510021,0.1387323484781758,0.002574672064519945,52260,6917.385775566101,1.921,candidate_models/101300168909861.pth
main,Archive_runs/optuna_oo_gat_1790185885/trial_12,Runs_incompletas,optuna_oo_gat_1790185885/trial_12,oo,gat,1,1,1,,256,4,,,,100,100,100,True,0.11784433083396095,0.156111228144091,0.13813360037035444,0.06985157367588182,0.21290546280404285,40,100,0.0568854807799354,0.11784433083396095,0.004098883231094516,52260,5072.1176154613495,1.409,candidate_models/916824916665524.pth
main,Archive_runs/optuna_oo_gat_1790185885/trial_13,Runs_incompletas,optuna_oo_gat_1790185885/trial_13,oo,gat,3,1,1,,512,4,,,,100,100,100,True,0.10968368077290114,0.15589540921832637,0.11710982516741948,0.05511989788318992,0.1678227014076071,40,15,0.056087471196827846,0.10968368077290114,0.0,33732644,17378.72056388855,4.827,candidate_models/72409785598455.pth
main,Archive_runs/optuna_oo_gat_1790185885/trial_14,Runs_incompletas,optuna_oo_gat_1790185885/trial_14,oo,gat,1,1,1,,128,2,,,,100,100,100,True,0.09819825394068112,0.13634727845254166,0.10477909771339404,0.0569944583311659,0.15261894872859857,40,100,0.05834863561397278,0.09819825394068112,0.027200215736898417,13092,1495.915736913681,0.416,candidate_models/248470324527255.pth
main,Archive_runs/optuna_oo_gin_1790138182/trial_0,Runs_a questionar,optuna_oo_gin_1790138182/trial_0,oo,gin,1,1,1,,256,4,,,,100,100,100,True,0.13832117632885488,0.173859035701141,0.12186938610515063,0.07420905024141866,0.1919446611535861,40,75,0.08286982533738257,0.13832117632885488,0.009514436071202725,2120838,2852.652237892151,0.792,candidate_models/673147500363823.pth
main,Archive_runs/optuna_oo_gin_1790138182/trial_1,Runs_a questionar,optuna_oo_gin_1790138182/trial_1,oo,gin,3,1,1,,512,4,,,,100,100,100,True,0.12794482429230505,0.17257462834962584,0.13726196776499186,0.07571882060260884,0.19279866122037692,40,100,0.0652487222267499,0.12794482429230505,0.012885068831856167,42064010,21170.20525574684,5.881,candidate_models/825201735967159.pth
main,Archive_runs/optuna_oo_gin_1790138182/trial_2,Runs_a questionar,optuna_oo_gin_1790138182/trial_2,oo,gin,1,1,1,,256,4,,,,100,100,100,True,0.1316327124509948,0.17573258707894163,0.1401927107594751,0.058342382828691065,0.19462919525615444,40,30,0.05328871523503087,0.1316327124509948,0.003101261983790876,2120838,3083.7411348819733,0.857,candidate_models/302029407281103.pth
main,Archive_runs/optuna_oo_gin_1790138182/trial_3,Runs_a questionar,optuna_oo_gin_1790138182/trial_3,oo,gin,1,1,1,,128,2,,,,100,100,100,True,0.11516317388456616,0.17853263552878437,0.12838992791031698,0.0672825899735509,0.17506060739630633,40,15,0.064909335593455,0.11516317388456616,0.0,137094,3097.4644119739532,0.86,candidate_models/685629843919590.pth
main,Archive_runs/optuna_oo_gin_1790138182/trial_4,Runs_a questionar,optuna_oo_gin_1790138182/trial_4,oo,gin,2,1,1,,64,4,,,,100,100,100,True,0.15212581086444557,0.18652781044843142,0.1652053859802775,0.08601285240183879,0.22606849191289427,40,15,0.07421608162529673,0.15212581086444557,0.0,403848,1876.4296839237213,0.521,candidate_models/924563511617155.pth
main,Archive_runs/optuna_oo_gin_1790138182/trial_5,Runs_a questionar,optuna_oo_gin_1790138182/trial_5,oo,gin,1,1,1,,256,4,,,,100,100,100,True,0.1210844439828131,0.1560975609756097,0.13775928623361736,0.08019286519698912,0.2058823529411764,40,100,0.0700958513965135,0.1210844439828131,0.0015112591938983705,2120838,2477.1592264175415,0.688,candidate_models/556691168907680.pth
main,Archive_runs/optuna_oo_gin_1790138182/trial_6,Runs_a questionar,optuna_oo_gin_1790138182/trial_6,oo,gin,1,1,1,,128,2,,,,100,100,100,True,0.10112142351677485,0.14906728393860988,0.10446534772672415,0.05342847619223201,0.15284760324954277,40,15,0.05185517102126874,0.10112142351677485,0.0,137094,2310.855095386505,0.642,candidate_models/902349367791113.pth
main,Archive_runs/optuna_oo_gin_1790138182/trial_7,Runs_a questionar,optuna_oo_gin_1790138182/trial_7,oo,gin,1,1,1,,256,4,,,,100,100,100,True,0.2565465469949449,0.2506306236525825,0.27634355318173476,0.09524758415878869,0.3452776705747709,40,75,0.10205016334421324,0.2565465469949449,0.07718703008222516,2120838,5254.911586999893,1.46,candidate_models/248496721908521.pth
main,Archive_runs/optuna_oo_gin_1790138182/trial_8,Runs_a questionar,optuna_oo_gin_1790138182/trial_8,oo,gin,1,1,1,,128,4,,,,100,100,100,True,0.11749168408406722,0.17337058267230232,0.1143153225124633,0.06211235422141113,0.16352995424396122,40,15,0.06658356379643189,0.11749168408406722,0.0,536198,1823.4731619358063,0.507,candidate_models/245441391975313.pth
main,Archive_runs/optuna_oo_gin_1790138182/trial_9,Runs_a questionar,optuna_oo_gin_1790138182/trial_9,oo,gin,3,1,1,,64,4,,,,100,100,100,True,0.18200953069265657,0.23554068333920397,0.1846193806403122,0.07352669263823665,0.24908424908424912,40,100,0.09289697157170097,0.18200953069265657,0.031775465567630196,670602,3177.914151906967,0.883,candidate_models/602028242566460.pth
main,Archive_runs/reseed_ojm_gat_s43,Runs_a questionar,reseed_ojm_gat_s43,ojm,gat,2,1,1,,128,3,,,,400,400,400,True,0.09978528239319003,0.11094015070817057,0.10389758852217615,0.05997702239028737,0.17831016590865412,40,250,0.050536383645376645,0.09978528239319003,0.007778786137479038,2156646,8067.839178562164,2.241,candidate_models/937769980869800.pth
main,Archive_runs/reseed_ojm_gat_s44,Runs_a questionar,reseed_ojm_gat_s44,ojm,gat,2,1,1,,128,3,,,,400,400,400,True,0.10612958448189964,0.12899216366708624,0.10580333746010451,0.046657357344217276,0.1396095371193834,40,325,0.0465207731689046,0.10612958448189964,0.012267495087403713,2156646,8257.183624744415,2.294,candidate_models/911504662185205.pth
main,Archive_runs/reseed_oo_gin_s43,Runs_a questionar,reseed_oo_gin_s43,oo,gin,2,1,1,,128,3,,,,400,400,400,True,0.15449338469621932,0.19424489621593927,0.13633160297981434,0.0563455485192438,0.17830687830687827,40,50,0.06470507497652361,0.15449338469621932,0.01133100424052913,900616,2143.6990115642548,0.595,candidate_models/800138727628579.pth
main,Archive_runs/reseed_oo_gin_s44,Runs_a questionar,reseed_oo_gin_s44,oo,gin,2,1,1,,128,3,,,,400,400,400,True,0.13793883308315033,0.1766650227661112,0.12284087967531013,0.06433386591321148,0.16614012055506158,40,275,0.07305139092560253,0.13793883308315033,0.07388410186793049,900616,2192.791643857956,0.609,candidate_models/625948962265988.pth
main,Archive_runs/seeds_oo_gat_L2_s42,Runs_a questionar,seeds_oo_gat_L2_s42,oo,gat,2,1,1,42,128,3,,mean,True,400,400,400,True,0.14175053743184132,0.18366956180721372,0.1440568939119386,0.07006167536592449,0.2114334998616784,40,325,0.06935042750920532,0.14175053743184132,0.0038924995938018903,616356,4270.1476175785065,1.186,candidate_models/488231733895866.pth
main,Archive_runs/seeds_oo_gin_L2_s42,Runs_a questionar,seeds_oo_gin_L2_s42,oo,gin,2,1,1,42,128,3,,mean,True,400,400,400,True,0.103988121680428,0.1389483487355827,0.10519643344277207,0.05696537487642863,0.15043150196052998,40,400,0.05351821728845555,0.103988121680428,0.01290340236540391,900616,4909.490413427353,1.364,candidate_models/994042348745061.pth
main,Archive_runs/train0.1_gen_ojm,Runs_nao usar,train0.1_gen_ojm,ojm,,,,,,,,,,,250,250,250,True,0.6030660053503548,0.8397927919391011,,,,,,,,0.01748522250259399,68070,5102.600880622864,1.417,
main,Archive_runs/train0.1_gen_om,Runs_nao usar,train0.1_gen_om,om,,,,,,,,,,,250,250,250,True,0.5883270558676307,0.8151994693452099,,,,,,,,0.025530977980692593,39230,2376.324370622635,0.66,
main,Archive_runs/train0.1_gen_oo,Runs_nao usar,train0.1_gen_oo,oo,,,,,,,,,,,250,250,250,True,0.3680413636339285,0.5723335357215139,,,,,,,,0.012577394821562227,19617,4496.584100246429,1.249,
main,Archive_runs/train0.1_om,Runs_nao usar,train0.1_om,om,,,,,,,,,,,25,25,25,True,0.6196746997538481,0.8582392174299689,,,,,,,,0.00036108705489501514,39230,597.3510394096375,0.166,
main,Archive_runs/train0.1_oo_20260917_103341,Runs_nao usar,train0.1_oo,oo,,,,,,,,,,,25,25,25,True,0.36313143364659295,0.5958963658494175,,,,,,,,0.009485283054208093,19617,882.0755951404572,0.245,
main,Archive_runs/train0.2_our_ojm,Runs_nao usar,train0.2_our_ojm,ojm,,,,,,,,,,,250,250,250,True,0.6003108207924037,0.8580150983922423,,,,,,,,0.030133432447897124,68070,5724.251571893692,1.59,
main,Archive_runs/train0.2_our_om,Runs_nao usar,train0.2_our_om,om,,,,,,,,,,,250,250,250,True,0.6116603123353639,0.8789787668609846,,,,,,,,0.027412810274340504,39230,2365.2612149715424,0.657,
main,Archive_runs/train0.2_our_oo,Runs_nao usar,train0.2_our_oo,oo,,,,,,,,,,,250,250,250,True,0.3814999301803349,0.587172264355363,,,,,,,,0.0030414057771264713,19617,4004.5846383571625,1.112,
main,Archive_runs/train_run,Runs_nao usar,train_run,oo,,,,,,,,,,,1,1,1,True,0.9513721307972766,1.327283732660782,,,,,,,,0.0,35587,21.30854606628418,0.006,
main,Archive_runs/traintesto_o_ojm,Runs_nao usar,traintesto_o_ojm,ojm,,,,,,,,,,,100,100,100,True,0.6410676497369444,0.8854139868110397,,,,,,,,0.030993511599767376,68070,1379.4374363422394,0.383,
main,Archive_runs/traintesto_o_om,Runs_nao usar,traintesto_o_om,om,,,,,,,,,,,100,100,100,True,0.6656409900873056,0.9873312731173842,,,,,,,,0.006390013692839869,39230,3064.6141402721405,0.851,
main,Archive_runs/traintesto_o_oo,Runs_nao usar,traintesto_o_oo,oo,,,,,,,,,,,100,100,100,True,0.3710377583410822,0.5975308641975309,,,,,,,,0.32164962738347724,19617,979.9666044712067,0.272,
main,Archive_runs/traintestoo,Runs_nao usar,traintestoo,oo,,,,,,,,,,,20,20,20,True,0.37622659002822456,,,,,,,,,0.0003766562097569648,,146.82466292381287,0.041,
main,results/_bench_cuda_gat_oo,,_bench_cuda_gat_oo,oo,gat,3,100,0,0,,,baseline,mean,True,10,10,10,True,0.3003374965979262,0.3991952098892608,0.2920984653710848,0.09160633689365871,0.3738232716399444,40,,,,0.0,1213092,892.1275007724762,0.248,candidate_models/890161778237272.pth
main,results/ablation_ojm_gat_layers3,,ablation_ojm_gat_layers3,ojm,gat,3,1,1,,128,3,,,,400,400,400,True,0.1305204201389338,0.16456215562247684,0.1295540874495841,0.07154454151754425,0.16098081023454167,40,350,0.06555501521161816,0.1305204201389338,0.02249687066036593,4245222,10910.803708076477,3.031,candidate_models/500738111385484.pth
main,results/ablation_ojm_gin_layers3,,ablation_ojm_gin_layers3,ojm,gin,3,1,1,,128,3,,,,400,400,400,True,0.10771968709304669,0.13773322194374835,0.12016978455542335,0.050189939861115175,0.16351465317309727,40,400,0.04929258385355653,0.10771968709304669,0.009059728765859754,5238987,14849.27083849907,4.125,candidate_models/57247572655695.pth
main,results/ablation_ojm_transformer_layers3,,ablation_ojm_transformer_layers3,ojm,transformer,3,1,1,,128,3,,,,400,400,400,True,0.09355536786103158,0.11710332983493933,0.09444341544868066,0.04405989970777139,0.1242577030812325,40,225,0.04298020098680526,0.09355536786103158,0.005204589171577553,8416998,29076.656984329224,8.077,candidate_models/109742766735700.pth
main,results/ablation_ojm_transformer_layers3_selk2,,ablation_ojm_transformer_layers3_selk2,ojm,transformer,3,2,1,42,128,3,,sum,False,400,400,400,True,0.1232067204957095,0.14142026438676683,0.12842997446748092,0.0509166326876556,0.1568321657021018,40,25,0.05733202071011866,0.1232067204957095,0.0,8416998,12896.87021780014,3.582,candidate_models/501784652511706.pth
main,results/diag_ojm_gat_L3_selk1_newloss,,diag_ojm_gat_L3_selk1_newloss,ojm,gat,3,1,1,,128,3,baseline,mean,True,30,30,30,True,0.32246663722292984,0.34851958880098544,0.30513246170559055,0.08348394618874076,0.3817689170303187,40,30,0.08979542114174535,0.32246663722292984,0.03847573628173534,4245222,4184.755410671234,1.162,candidate_models/168222493725519.pth
main,results/diag_ojm_gat_L3_selk1_oldloss,,diag_ojm_gat_L3_selk1_oldloss,ojm,gat,3,1,1,,128,3,baseline,sum,False,30,30,30,True,0.09539199516585872,0.11390875363710685,0.10451876458918274,0.05197982433426864,0.1554718918456406,40,10,0.04229530724243368,0.09539199516585872,0.0,4245222,4717.836331129074,1.311,candidate_models/210243442940153.pth
main,results/diag_ojm_gat_L3_selk1_oldloss_maxproc350,,diag_ojm_gat_L3_selk1_oldloss_maxproc350,ojm,gat,3,1,1,,128,3,baseline,sum,False,30,30,30,True,0.1127179961833032,0.14162310381936072,0.11154147853670245,0.04922892750358057,0.14277750769729378,40,10,0.05741380411262686,0.1127179961833032,0.0,4245222,4500.941080570221,1.25,candidate_models/700026509146533.pth
main,results/diag_ojm_gat_L3_selk5_oldloss,,diag_ojm_gat_L3_selk5_oldloss,ojm,gat,3,5,1,,128,3,baseline,sum,False,30,30,30,True,0.4458695662735369,0.5745753561194402,0.44123637826814566,0.36070923429222873,0.5475329236172082,40,10,0.36782304922058123,0.4458695662735369,0.0,4245222,4408.772883176804,1.225,candidate_models/703889498925083.pth
main,results/mask_ojm_gin_mask0_selk1,,mask_ojm_gin_mask0_selk1,ojm,gin,3,1,0,,128,3,baseline,mean,True,100,100,100,True,0.1795673856452118,0.23350703491401772,0.17257350650093933,0.06949107058664786,0.22336886993603416,40,100,0.0716684837819194,0.1795673856452118,0.006559391508995566,5238987,6600.071496009827,1.833,candidate_models/168605249735063.pth
main,results/mask_ojm_gin_mask1_selk1,,mask_ojm_gin_mask1_selk1,ojm,gin,3,1,1,,128,3,baseline,mean,True,100,100,100,True,0.18183718155416795,0.21459082806676388,0.16799512708290992,0.07352917782596555,0.2438650306748466,40,100,0.05717898877844517,0.18183718155416795,0.024889860815174858,5238987,6952.608242750168,1.931,candidate_models/942378483789400.pth
main,results/mask_ojm_gin_mask1_selk100,,mask_ojm_gin_mask1_selk100,ojm,gin,3,100,1,,128,3,baseline,mean,True,100,100,100,True,0.3484282024727543,0.3601691584098025,0.2658184351209486,0.11442316130694306,0.3566579281641037,40,100,0.11142962563066347,0.3484282024727543,0.2787859385148995,5238987,6802.032774209976,1.889,candidate_models/413375820051617.pth
main,results/optuna_ojm_gat_L2_1790500154/trial_0,,optuna_ojm_gat_L2_1790500154/trial_0,ojm,gat,2,1,1,,128,3,baseline,mean,True,30,30,30,True,0.9571306266680235,1.1158505548203197,0.9792657209138398,0.24907585350393627,1.2084826831095488,40,30,0.21062163478211599,0.9571306266680235,0.013519406578244797,2156646,2550.114636659622,0.708,candidate_models/946432070071051.pth
main,results/optuna_ojm_gat_L2_1790500154/trial_1,,optuna_ojm_gat_L2_1790500154/trial_1,ojm,gat,2,10,1,,128,3,baseline,mean,True,30,30,30,True,0.7718665624232294,0.9408196934479788,0.5585476470672784,0.495430945643829,0.7652661064425771,40,30,0.5208782678905642,0.7718665624232294,0.16299552170927623,2156646,4159.055200099945,1.155,candidate_models/51228276192235.pth
main,results/optuna_ojm_gat_L2_1790500154/trial_2,,optuna_ojm_gat_L2_1790500154/trial_2,ojm,gat,2,10,1,,128,3,baseline,mean,True,30,30,30,True,1.0107229215494813,1.4491174188542613,0.9142599441000069,0.6821941776441522,1.6458691444057303,40,30,0.7174193159121439,1.0107229215494813,0.02749491189539155,2156646,2900.533267259598,0.806,candidate_models/706480019544866.pth
main,results/optuna_ojm_gat_L2_1790500154/trial_3,,optuna_ojm_gat_L2_1790500154/trial_3,ojm,gat,2,1,1,,256,3,baseline,mean,True,30,30,30,True,0.20952308176796705,0.20643194687859703,0.1848687340432594,0.07396522120344218,0.23022139005911832,40,30,0.0769994469968988,0.20952308176796705,0.03248575520570496,8441958,5345.337786912918,1.485,candidate_models/337849195950506.pth
main,results/optuna_ojm_gat_exgreedyFalse_logpsum_L2_1790519400/trial_0,,optuna_ojm_gat_exgreedyFalse_logpsum_L2_1790519400/trial_0,ojm,gat,2,1,1,,128,3,baseline,sum,False,30,30,30,True,0.6346082501445769,0.7085882750954523,0.5872835226349797,0.1891577575775549,0.7349947349947351,40,30,0.19891233643116987,0.6346082501445769,0.0638765252504816,2156646,2552.772872209549,0.709,candidate_models/919325267709595.pth
main,results/optuna_ojm_gat_exgreedyFalse_logpsum_L2_1790519400/trial_1,,optuna_ojm_gat_exgreedyFalse_logpsum_L2_1790519400/trial_1,ojm,gat,2,10,1,,128,3,baseline,sum,False,30,30,30,True,1.0923979279228657,1.6886942759166452,1.1644370262615975,1.0836645056232093,2.005726765726766,40,30,0.7747039046112987,1.0923979279228657,0.1107993851977418,2156646,4326.732739448547,1.202,candidate_models/938170885531610.pth
main,results/optuna_ojm_gat_exgreedyFalse_logpsum_L2_1790519400/trial_2,,optuna_ojm_gat_exgreedyFalse_logpsum_L2_1790519400/trial_2,ojm,gat,2,10,1,,128,3,baseline,sum,False,30,30,30,True,1.2800684660630546,2.075284762016139,1.0796453400450772,0.9681067796940184,1.5346418791352725,40,20,0.9972661174178049,1.2800684660630546,0.05490236481968824,2156646,3091.0074949264526,0.859,candidate_models/395743532226523.pth
main,results/optuna_ojm_gat_exgreedyFalse_logpsum_L2_1790519400/trial_3,,optuna_ojm_gat_exgreedyFalse_logpsum_L2_1790519400/trial_3,ojm,gat,2,1,1,,256,3,baseline,sum,False,30,30,30,True,0.11773856884287673,0.14189815857007795,0.13380269624719063,0.058978388491575204,0.1985369290884633,40,10,0.058753853066865265,0.11773856884287673,0.0,8441958,5021.902587413788,1.395,candidate_models/37276962955561.pth
main,results/optuna_ojm_gat_exgreedyFalse_logpsum_L2_1790519400/trial_4,,optuna_ojm_gat_exgreedyFalse_logpsum_L2_1790519400/trial_4,ojm,gat,2,1,1,,128,3,baseline,sum,False,30,30,30,True,0.4667233911945822,0.4886163689682751,0.43116918570247054,0.1674553070377531,0.6020430107526883,40,30,0.13426380033311044,0.4667233911945822,0.05505392925622932,2156646,5397.145996809006,1.499,candidate_models/454674822147248.pth
main,results/optuna_ojm_gat_exgreedyFalse_logpsum_L2_1790519400/trial_5,,optuna_ojm_gat_exgreedyFalse_logpsum_L2_1790519400/trial_5,ojm,gat,2,1,1,,128,3,baseline,sum,False,30,30,30,True,0.09475959846997425,0.12201068714588753,0.09819373161579861,0.04069184350260664,0.1332443257676903,40,10,0.047571836236358855,0.09475959846997425,0.0,2156646,3282.23956489563,0.912,candidate_models/864118998129655.pth
main,results/optuna_ojm_gat_exgreedyFalse_logpsum_L2_1790546253/trial_10,,optuna_ojm_gat_exgreedyFalse_logpsum_L2_1790546253/trial_10,ojm,gat,2,1,1,,128,3,baseline,sum,False,30,30,30,True,0.9196389702863724,1.0796128352331031,1.018168834857557,0.2232448876162774,1.254503478810879,40,10,0.19819500909403598,0.9196389702863724,0.0,2156646,2841.283963918686,0.789,candidate_models/448058714343187.pth
main,results/optuna_ojm_gat_exgreedyFalse_logpsum_L2_1790546253/trial_11,,optuna_ojm_gat_exgreedyFalse_logpsum_L2_1790546253/trial_11,ojm,gat,2,1,1,,128,3,baseline,sum,False,30,30,30,True,0.15477141632379596,0.1788557467168889,0.1361290171399574,0.05837394061565149,0.1785135135135136,40,30,0.0575411713090082,0.15477141632379596,0.015989901944206603,2156646,4061.9383804798126,1.128,candidate_models/572657104396319.pth
main,results/optuna_ojm_gat_exgreedyFalse_logpsum_L2_1790546253/trial_8,,optuna_ojm_gat_exgreedyFalse_logpsum_L2_1790546253/trial_8,ojm,gat,2,1,1,,128,3,baseline,sum,False,30,30,30,True,0.8624608484883577,0.9394642752476409,0.8210526914254365,0.22377971594426108,0.9671285937687959,40,30,0.17859825197578783,0.8624608484883577,0.03609726219332299,2156646,4202.301534175873,1.167,candidate_models/586618028367877.pth
main,results/optuna_ojm_gat_exgreedyFalse_logpsum_L2_1790546253/trial_9,,optuna_ojm_gat_exgreedyFalse_logpsum_L2_1790546253/trial_9,ojm,gat,2,10,1,,256,3,baseline,sum,False,30,30,30,True,0.995686387893704,1.2372263192301958,1.077533881794429,0.6027598950305931,1.3230373230373231,40,20,0.35085652073957585,0.995686387893704,0.05243176456128695,8441958,5992.4927389621735,1.665,candidate_models/483783179050747.pth
main,results/optuna_ojm_gin_exgreedyFalse_logpsum_L3_selkin2-3-5_1790563365/trial_0,,optuna_ojm_gin_exgreedyFalse_logpsum_L3_selkin2-3-5_1790563365/trial_0,ojm,gin,3,2,1,,128,3,baseline,sum,False,30,30,30,True,0.2442037824237179,0.304638490164806,0.27424585650628175,0.08843871768506835,0.34439306205196835,40,30,0.08529723647389778,0.2442037824237179,0.002895382291347476,5238987,2533.9407699108124,0.704,candidate_models/988921148468206.pth
main,results/optuna_ojm_gin_exgreedyFalse_logpsum_L3_selkin2-3-5_1790563365/trial_1,,optuna_ojm_gin_exgreedyFalse_logpsum_L3_selkin2-3-5_1790563365/trial_1,ojm,gin,3,2,1,,256,3,baseline,sum,False,30,30,30,True,0.2550518640117873,0.2998738253950879,0.24695744141947623,0.08843453102349438,0.348018803191217,40,30,0.08615096509815723,0.2550518640117873,0.02351764315884841,20799435,7105.247558355331,1.974,candidate_models/760397372489836.pth
main,results/optuna_ojm_gin_exgreedyFalse_logpsum_L3_selkin2-3-5_1790563365/trial_2,,optuna_ojm_gin_exgreedyFalse_logpsum_L3_selkin2-3-5_1790563365/trial_2,ojm,gin,3,5,1,,256,3,baseline,sum,False,30,30,30,True,1.1337604716619867,1.0226167745999253,1.0941891385960192,1.1152090295942183,1.0868108437404813,40,30,1.1059046959003542,1.1337604716619867,0.03004896664115564,20799435,4399.554649591446,1.222,candidate_models/792445513108412.pth
main,results/optuna_ojm_gin_exgreedyFalse_logpsum_L3_selkin2-3-5_1790563365/trial_3,,optuna_ojm_gin_exgreedyFalse_logpsum_L3_selkin2-3-5_1790563365/trial_3,ojm,gin,3,5,1,,256,3,baseline,sum,False,30,30,30,True,0.7498797320232937,0.7295304437564508,0.7770052258939038,0.755519439256511,0.9060283000581522,40,20,0.7081005962233803,0.7498797320232937,0.049811584171703394,20799435,7348.285690784454,2.041,candidate_models/555084070521026.pth
main,results/optuna_ojm_gin_exgreedyFalse_logpsum_L3_selkin2-3-5_1790563365/trial_4,,optuna_ojm_gin_exgreedyFalse_logpsum_L3_selkin2-3-5_1790563365/trial_4,ojm,gin,3,5,1,,256,3,baseline,sum,False,30,30,30,True,0.9415027407586731,1.2521555220393175,0.9016403064721417,0.4149507479351795,1.2218023562510991,40,20,0.4607057994508104,0.9415027407586731,0.0025611563093043133,20799435,6099.233940601349,1.694,candidate_models/619116186596798.pth
main,results/optuna_ojm_gin_exgreedyFalse_logpsum_L3_selkin2-3-5_1790563365/trial_5,,optuna_ojm_gin_exgreedyFalse_logpsum_L3_selkin2-3-5_1790563365/trial_5,ojm,gin,3,2,1,,256,3,baseline,sum,False,30,30,30,True,0.30301673594116635,0.3728976184841771,0.3326337675946375,0.09735757551557671,0.4172146837139823,40,10,0.09378769159120805,0.30301673594116635,0.0,20799435,6969.193710565567,1.936,candidate_models/784104864319097.pth
main,results/optuna_ojm_gin_exgreedyFalse_logpsum_L3_selkin2-3-5_1790563365/trial_6,,optuna_ojm_gin_exgreedyFalse_logpsum_L3_selkin2-3-5_1790563365/trial_6,ojm,gin,3,3,1,,128,3,baseline,sum,False,30,30,30,True,0.9307685089501104,1.319409426213021,0.7811164917384936,0.5650783051802835,1.5311602480795112,40,30,0.5660725592208709,0.9307685089501104,0.08794883195750736,5238987,2786.7053973674774,0.774,candidate_models/24134741503183.pth
main,results/optuna_ojm_gin_exgreedyFalse_logpsum_L3_selkin2-3-5_1790563365/trial_7,,optuna_ojm_gin_exgreedyFalse_logpsum_L3_selkin2-3-5_1790563365/trial_7,ojm,gin,3,3,1,,256,3,baseline,sum,False,30,30,30,True,0.7609488154998056,1.2780826446280993,0.8011949205903022,0.5199441422464277,1.337618439312202,40,10,0.48918390419576946,0.7609488154998056,0.0,20799435,8240.881466627121,2.289,candidate_models/309551648692837.pth
main,results/optuna_ojm_gin_exgreedyFalse_logpsum_L3_selkin2-3-5_1790563365/trial_8,,optuna_ojm_gin_exgreedyFalse_logpsum_L3_selkin2-3-5_1790563365/trial_8,ojm,gin,3,5,1,,256,3,baseline,sum,False,30,30,30,True,1.068607994535265,1.1897544028756766,0.9074098389249325,0.3686340403527213,1.2637894736842106,40,30,0.513904511953221,1.068607994535265,0.0481380268581193,20799435,6839.122008085251,1.9,candidate_models/480226436564279.pth
main,results/optuna_ojm_gin_exgreedyFalse_logpsum_L3_selkin2-3-5_1790563365/trial_9,,optuna_ojm_gin_exgreedyFalse_logpsum_L3_selkin2-3-5_1790563365/trial_9,ojm,gin,3,5,1,,128,3,baseline,sum,False,30,30,30,True,1.0715683654223005,1.14936291342852,1.151541498113241,1.1510452524602364,1.0865062442887612,40,10,1.0598827532265718,1.0715683654223005,0.0,5238987,4670.172526359558,1.297,candidate_models/122076369436490.pth
main,results/smoke_ojm_transformer_attn,,smoke_ojm_transformer_attn,ojm,transformer,2,1,1,42,128,3,attn,mean,True,10,10,10,True,0.6071853684482582,0.7755724152008981,0.6057389080762203,0.158814910252391,0.7434121400166063,40,5,0.17991019640839803,0.6071853684482582,0.0,4922726,296.1933627128601,0.082,candidate_models/67300229980466.pth
main,results/test1sel_k100_max400_ojm,,test1sel_k100_max400_ojm,ojm,gat,3,100,0,,,,baseline,mean,True,100,100,100,True,0.9578784749115259,1.636334700879432,0.8618117157863854,0.7995566157471931,1.6160714006433152,40,,,,0.0,4245222,5657.005919218063,1.571,candidate_models/924338725230999.pth
main,results/test1sel_k100_max400_om,,test1sel_k100_max400_om,om,gat,3,100,0,,128,3,baseline,mean,True,100,100,100,True,0.7306923413113743,1.1071978264990208,0.8323498042417571,0.5321995240882553,1.3687075506409048,40,10,0.44676744701705146,0.7306923413113743,0.0,2426174,3676.921632051468,1.021,candidate_models/112427357219891.pth
main,results/test1sel_k100_max400_oo_20260925_094410,,test1sel_k100_max400_oo,oo,gat,3,100,0,,128,3,baseline,mean,True,100,100,100,True,0.17457047632120073,0.2417573679240594,0.17661467066820413,0.07764763647223026,0.23919022154316283,40,100,0.07888606082154054,0.17457047632120073,0.04276320226715158,1213092,1937.4498682022095,0.538,candidate_models/162235907847562.pth
main,results/testsel_k100_maxepisodes400_gin_oo,,testsel_k100_maxepisodes400_gin_oo,oo,,,,,,,,,,,250,250,250,True,0.11768821746442672,0.1497480813170076,0.1191973014095207,0.05857018568142054,0.1712846261764522,40,,,,0.09213655265362983,900616,5305.095840454102,1.474,candidate_models/861034614616471.pth
main,results/train_ojm_trans_selk100_oldloss_350,,train_ojm_trans_selk100_oldloss_350,ojm,transformer,3,100,1,,128,3,baseline,sum,False,350,350,350,True,0.12881359844633947,0.14802423903253725,0.1372117635256192,0.045083503241969046,0.16678281068524975,40,300,0.028237772277988786,0.12881359844633947,0.02402402837647885,8416998,25530.468138456345,7.092,candidate_models/722121557367744.pth
main,results/train_run_ojm,,train_run_ojm,ojm,gat,2,100,0,,128,3,baseline,mean,True,250,250,250,True,0.13682267286218264,0.1539318885448916,0.13891572551880194,0.0557086403335985,0.15797021511307238,40,210,0.04039967653961727,0.13682267286218264,0.10144323354401508,2156646,11095.503904819489,3.082,candidate_models/846653587803373.pth
main,results/train_run_om,,train_run_om,om,gat,2,100,0,,128,3,baseline,mean,True,250,250,250,True,0.17712510769635967,0.21198602213162485,0.18107548945310117,0.04949369911834221,0.21596457938013922,40,250,0.05713027700902073,0.17712510769635967,0.028025627739932113,1232702,6675.214643239975,1.854,candidate_models/183738099309188.pth
main,results/train_run_oo,,train_run_oo,oo,gat,2,100,0,,128,3,baseline,mean,True,250,250,250,True,0.10982512742178187,0.1405384709629993,0.10822133719849217,0.05268734989617704,0.15000913798355173,40,150,0.046387830919139436,0.10982512742178187,0.006630503381084368,616356,4054.3288497924805,1.126,candidate_models/882242334591143.pth
main,results/train_sel-k100_100_trans_oo,,train_sel-k100_100_trans_oo,oo,gin,3,100,0,,128,3,baseline,mean,True,100,100,100,True,0.17259723799330487,0.21560059231729656,0.17371299078234873,0.10380798479811389,0.2603934877428685,40,20,0.11094563626264581,0.17259723799330487,0.0,1497354,5444.277510643005,1.512,candidate_models/590434082220570.pth
main,results/train_sel-k100_400,,train_sel-k100_400,ojm,gat,3,100,0,,128,3,baseline,mean,True,100,100,100,True,1.0089932946980356,1.6726472670568102,1.05724533536221,1.0824948200251068,1.593484652714898,40,20,0.930350524323024,1.0089932946980356,0.0,4245222,14418.337362766266,4.005,candidate_models/671306425238148.pth
main,results/train_sel-k100_400_gin_ojm,,train_sel-k100_400_gin_ojm,ojm,gin,3,100,0,,128,3,baseline,mean,True,100,100,100,True,0.993775824391155,1.1869686290938666,0.9046590384366905,1.3729204049846664,1.2196289853333735,40,20,1.6995505904887533,0.993775824391155,0.0,5238987,7897.179999113083,2.194,candidate_models/671220099208850.pth
main,results/train_sel-k100_400_gin_om,,train_sel-k100_400_gin_om,om,gin,3,100,0,,128,3,baseline,mean,True,100,100,100,True,0.21814997896451913,0.27364821863106004,0.21295694852020236,0.09187117558009834,0.2660429447852761,40,80,0.07454886241538877,0.21814997896451913,0.011979125246935174,2994698,5531.676362991333,1.537,candidate_models/733509043749577.pth
main,results/train_sel-k100_400_gin_oo,,train_sel-k100_400_gin_oo,oo,gin,3,100,0,,128,3,baseline,mean,True,100,100,100,True,0.12611904906203764,0.17259542657123053,0.14225328226002457,0.0852876136246297,0.21979364197283313,40,100,0.0725035489265279,0.12611904906203764,0.015974315145279916,1497354,2880.9381930828094,0.8,candidate_models/67062977924928.pth
main,results/train_sel-k100_400_om,,train_sel-k100_400_om,om,gat,3,100,0,,128,3,baseline,mean,True,100,100,100,True,0.766306524041407,1.1557253570974833,0.8150199012720204,0.7689617825245935,1.4543972730089882,40,80,0.7610876849351829,0.766306524041407,0.06664963655412359,2426174,7703.09318113327,2.14,candidate_models/886199220252857.pth
main,results/train_sel-k100_400_oo,,train_sel-k100_400_oo,oo,gat,3,100,0,,128,3,baseline,mean,True,100,100,100,True,0.14387477106271718,0.18850687622789788,0.14048291792000636,0.06248904708272446,0.19398966887784075,40,80,0.07599747228708718,0.14387477106271718,0.0033078600147943837,1213092,3277.1396124362946,0.91,candidate_models/746449580574708.pth
main,results/train_sel-k100_400_trans_ojm,,train_sel-k100_400_trans_ojm,ojm,transformer,3,100,0,,128,3,baseline,mean,True,100,100,100,True,0.13320791977070368,0.14546218487394955,0.14553040293799263,0.06626740727351284,0.16768580966005867,40,100,0.031827180113968845,0.13320791977070368,0.03614130228025483,8416998,15156.197285175323,4.21,candidate_models/257604283185094.pth
main,results/train_sel-k100_400_trans_om,,train_sel-k100_400_trans_om,om,transformer,3,100,0,,128,3,baseline,mean,True,100,100,100,True,0.17763898769828648,0.21300105671010913,0.18764405669231354,0.0541027388190029,0.2152804673642415,40,100,0.0443923921441933,0.17763898769828648,0.01638220660409423,4810046,9152.850661993027,2.542,candidate_models/828719321786980.pth
main,results/train_sel-k100_400_trans_oo,,train_sel-k100_400_trans_oo,oo,transformer,3,100,0,,128,3,baseline,mean,True,100,100,100,True,0.10846242513410372,0.13711339047982843,0.10920858624581853,0.05615389016760274,0.16693877551020414,40,100,0.05206505796217586,0.10846242513410372,0.00034956417826248476,2405028,4291.0510840415955,1.192,candidate_models/520180790465307.pth
